id,number,user,created_at,first_review_at,merged_at,closed_at,state,is_first_pr_for_user,repo,review_time_hours,is_merged
1000,1000,johnsonjoshua,2024-06-21 22:43:23+00:00,2024-06-24 00:31:36.026685+00:00,2024-06-26 01:34:20.415670+00:00,2024-06-26 01:34:20.415670+00:00,closed,True,kalviumcommunity__contributor-compass,49.80361852361111,True
1001,1001,donaldgarcia,2026-04-26 12:53:27+00:00,2026-04-27 22:01:43.644813+00:00,2026-04-30 12:44:56.806808+00:00,2026-04-30 12:44:56.806808+00:00,closed,True,kalviumcommunity__contributor-compass,33.1379568925,True
1002,1002,donaldgarcia,2026-05-26 12:53:27+00:00,2026-05-27 04:30:41.589335+00:00,2026-05-30 01:28:25.250591+00:00,2026-05-30 01:28:25.250591+00:00,closed,False,kalviumcommunity__contributor-compass,15.620719259722222,True
1003,1003,donaldgarcia,2026-07-18 12:53:27+00:00,2026-07-18 19:55:49.182102+00:00,,,open,False,kalviumcommunity__contributor-compass,7.039495028333333,False
1004,1004,garzaanthony,2024-05-02 09:53:03+00:00,,2024-05-04 13:24:31.561337+00:00,2024-05-04 13:24:31.561337+00:00,closed,True,kalviumcommunity__contributor-compass,,True
1005,1005,garzaanthony,2024-05-17 09:53:03+00:00,2024-05-17 20:49:24.628255+00:00,2024-05-20 04:42:40.896161+00:00,2024-05-20 04:42:40.896161+00:00,closed,False,kalviumcommunity__contributor-compass,10.939341181944446,True
1006,1006,garzaanthony,2024-06-06 09:53:03+00:00,2024-06-08 00:22:51.310196+00:00,2024-06-09 09:34:22.983481+00:00,2024-06-09 09:34:22.983481+00:00,closed,False,kalviumcommunity__contributor-compass,38.49675283222222,True
1007,1007,garzaanthony,2024-08-01 09:53:03+00:00,,2024-08-02 12:36:30.190978+00:00,2024-08-02 12:36:30.190978+00:00,closed,False,kalviumcommunity__contributor-compass,,True
1008,1008,garzaanthony,2024-09-14 09:53:03+00:00,2024-09-14 23:06:02.308252+00:00,,,open,False,kalviumcommunity__contributor-compass,13.216474514444446,False
1009,1009,robinsonwilliam,2025-01-15 07:12:46+00:00,,2025-01-18 06:58:08.168423+00:00,2025-01-18 06:58:08.168423+00:00,closed,True,kalviumcommunity__contributor-compass,,True
1010,1010,hoffmanjennifer,2025-05-03 20:02:30+00:00,2025-05-05 08:52:58.209292+00:00,,,open,True,kalviumcommunity__contributor-compass,36.841169247777785,False
1011,1011,hoffmanjennifer,2025-05-30 20:02:30+00:00,2025-06-01 09:11:56.634393+00:00,2025-06-03 02:03:22.329485+00:00,2025-06-03 02:03:22.329485+00:00,closed,False,kalviumcommunity__contributor-compass,37.157398442499996,True
1012,1012,hoffmanjennifer,2025-07-12 20:02:30+00:00,2025-07-13 15:44:38.402054+00:00,2025-07-14 18:26:44.693067+00:00,2025-07-14 18:26:44.693067+00:00,closed,False,kalviumcommunity__contributor-compass,19.702333903888892,True
1013,1013,hoffmanjennifer,2025-08-08 20:02:30+00:00,2025-08-09 00:10:43.723957+00:00,2025-08-09 07:38:00.169709+00:00,2025-08-09 07:38:00.169709+00:00,closed,False,kalviumcommunity__contributor-compass,4.137145543611111,True
1014,1014,lrobinson,2024-08-25 10:20:14+00:00,,2024-08-28 10:33:42.624789+00:00,2024-08-28 10:33:42.624789+00:00,closed,True,kalviumcommunity__contributor-compass,,True
1015,1015,lrobinson,2024-11-10 10:20:14+00:00,2024-11-10 11:15:07.236563+00:00,2024-11-12 03:31:51.775636+00:00,2024-11-12 03:31:51.775636+00:00,closed,False,kalviumcommunity__contributor-compass,0.9147879341666666,True
1016,1016,lisa02,2024-06-26 22:47:54+00:00,2024-06-27 15:53:29.789168+00:00,2024-06-28 00:48:42.524739+00:00,2024-06-28 00:48:42.524739+00:00,closed,True,kalviumcommunity__contributor-compass,17.09327476888889,True
1017,1017,jpeterson,2024-10-04 12:37:29+00:00,2024-10-04 14:24:48.691449+00:00,2024-10-07 03:10:19.376842+00:00,2024-10-07 03:10:19.376842+00:00,closed,True,kalviumcommunity__contributor-compass,1.7888031802777777,True
1018,1018,jpeterson,2024-12-17 12:37:29+00:00,2024-12-18 01:55:56.856831+00:00,2024-12-19 17:13:42.136930+00:00,2024-12-19 17:13:42.136930+00:00,closed,False,kalviumcommunity__contributor-compass,13.30773800861111,True
1019,1019,susanrogers,2025-05-18 13:24:49+00:00,2025-05-19 10:18:26.367173+00:00,2025-05-22 09:15:54.511631+00:00,2025-05-22 09:15:54.511631+00:00,closed,True,kalviumcommunity__contributor-compass,20.893713103611113,True
1020,1020,susanrogers,2025-07-06 13:24:49+00:00,2025-07-07 10:09:03.943449+00:00,2025-07-07 16:44:34.244992+00:00,2025-07-07 16:44:34.244992+00:00,closed,False,kalviumcommunity__contributor-compass,20.73748429138889,True
1021,1021,jamesmichael,2026-04-07 12:43:31+00:00,2026-04-09 13:14:40.981641+00:00,2026-04-11 05:16:50.780138+00:00,2026-04-11 05:16:50.780138+00:00,closed,True,kalviumcommunity__contributor-compass,48.51943934472222,True
1022,1022,jamesmichael,2026-05-20 12:43:31+00:00,,2026-05-23 08:10:41.288811+00:00,2026-05-23 08:10:41.288811+00:00,closed,False,kalviumcommunity__contributor-compass,,True
1023,1023,cassandra07,2025-09-11 19:30:39+00:00,2025-09-12 19:36:10.547006+00:00,2025-09-14 09:21:02.931975+00:00,2025-09-14 09:21:02.931975+00:00,closed,True,kalviumcommunity__contributor-compass,24.092096390555554,True
1024,1024,cassandra07,2025-10-06 19:30:39+00:00,2025-10-07 15:34:57.496788+00:00,,,open,False,kalviumcommunity__contributor-compass,20.071804663333335,False
1025,1025,cassandra07,2025-12-25 19:30:39+00:00,2025-12-26 20:58:01.348736+00:00,2025-12-27 13:36:08.912202+00:00,2025-12-27 13:36:08.912202+00:00,closed,False,kalviumcommunity__contributor-compass,25.45620798222222,True
1026,1026,cassandra07,2026-01-13 19:30:39+00:00,2026-01-14 14:08:34.022858+00:00,,,open,False,kalviumcommunity__contributor-compass,18.631950793888887,False
1027,1027,dudleynicholas,2024-04-20 01:45:12+00:00,2024-04-20 23:20:52.993107+00:00,2024-04-22 14:38:01.185971+00:00,2024-04-22 14:38:01.185971+00:00,closed,True,kalviumcommunity__contributor-compass,21.5947203075,True
1028,1028,dudleynicholas,2024-07-12 01:45:12+00:00,2024-07-12 11:49:10.587720+00:00,2024-07-13 17:43:15.113876+00:00,2024-07-13 17:43:15.113876+00:00,closed,False,kalviumcommunity__contributor-compass,10.066274366666667,True
1029,1029,maria95,2024-04-04 03:48:15+00:00,2024-04-05 01:12:32.291297+00:00,2024-04-05 19:51:48.850247+00:00,2024-04-05 19:51:48.850247+00:00,closed,True,kalviumcommunity__contributor-compass,21.404803138055556,True
1030,1030,maria95,2024-05-08 03:48:15+00:00,2024-05-08 15:46:24.138804+00:00,2024-05-10 01:37:11.873087+00:00,2024-05-10 01:37:11.873087+00:00,closed,False,kalviumcommunity__contributor-compass,11.969205223333335,True
1031,1031,janetwilliams,2026-05-04 21:36:53+00:00,2026-05-06 00:30:32.963530+00:00,2026-05-07 15:53:27.240508+00:00,2026-05-07 15:53:27.240508+00:00,closed,True,kalviumcommunity__contributor-compass,26.894434313888887,True
1032,1032,kendragalloway,2025-01-02 04:51:58+00:00,2025-01-04 01:20:08.712230+00:00,2025-01-04 06:29:55.920463+00:00,2025-01-04 06:29:55.920463+00:00,closed,True,kalviumcommunity__contributor-compass,44.46964228611111,True
1033,1033,michellejames,2026-05-13 08:32:41+00:00,2026-05-15 15:28:41.065916+00:00,2026-05-16 05:57:38.960790+00:00,2026-05-16 05:57:38.960790+00:00,closed,True,kalviumcommunity__contributor-compass,54.93335164333333,True
1034,1034,xreid,2026-04-22 06:30:08+00:00,2026-04-24 08:37:08.333494+00:00,2026-04-27 02:53:43.684135+00:00,2026-04-27 02:53:43.684135+00:00,closed,True,kalviumcommunity__contributor-compass,50.116759303888884,True
1035,1035,mitchellclark,2025-10-13 05:50:15+00:00,2025-10-14 19:56:33.475858+00:00,2025-10-15 15:27:25.187654+00:00,2025-10-15 15:27:25.187654+00:00,closed,True,kalviumcommunity__contributor-compass,38.10513218277777,True
1036,1036,mitchellclark,2025-12-02 05:50:15+00:00,2025-12-03 02:54:25.182453+00:00,2025-12-04 01:12:24.436050+00:00,2025-12-04 01:12:24.436050+00:00,closed,False,kalviumcommunity__contributor-compass,21.069495125833335,True
1037,1037,mitchellclark,2026-01-21 05:50:15+00:00,2026-01-22 16:51:24.332734+00:00,2026-01-25 12:17:38.016605+00:00,2026-01-25 12:17:38.016605+00:00,closed,False,kalviumcommunity__contributor-compass,35.01925909277778,True
1038,1038,jacqueline19,2026-05-24 13:55:27+00:00,2026-05-26 05:40:24.056672+00:00,2026-05-29 00:56:05.153687+00:00,2026-05-29 00:56:05.153687+00:00,closed,True,kalviumcommunity__contributor-compass,39.74918240888889,True
1039,1039,amandasanchez,2025-07-28 00:58:06+00:00,2025-07-29 06:43:45.010911+00:00,2025-07-30 22:17:51.522065+00:00,2025-07-30 22:17:51.522065+00:00,closed,True,kalviumcommunity__contributor-compass,29.760836364166668,True
1040,1040,ogray,2026-04-01 16:20:18+00:00,2026-04-04 20:21:52.719521+00:00,2026-04-07 16:01:43.228525+00:00,2026-04-07 16:01:43.228525+00:00,closed,True,kalviumcommunity__contributor-compass,76.02631097805555,True
1041,1041,gabriellecameron,2024-11-23 04:50:33+00:00,2024-11-24 13:06:24.129288+00:00,2024-11-25 08:50:58.414545+00:00,2024-11-25 08:50:58.414545+00:00,closed,True,kalviumcommunity__contributor-compass,32.264202579999996,True
1042,1042,gabriellecameron,2025-02-03 04:50:33+00:00,2025-02-04 00:36:41.661498+00:00,,,open,False,kalviumcommunity__contributor-compass,19.769072638333334,False
1043,1043,perezantonio,2024-03-09 11:40:25+00:00,2024-03-13 00:18:14.191750+00:00,2024-03-14 22:32:20.370988+00:00,2024-03-14 22:32:20.370988+00:00,closed,True,kalviumcommunity__contributor-compass,84.63033104166666,True
1044,1044,richard13,2026-05-08 07:37:43+00:00,2026-05-09 21:25:39.462702+00:00,2026-05-12 06:57:08.323831+00:00,2026-05-12 06:57:08.323831+00:00,closed,True,kalviumcommunity__contributor-compass,37.79901741722222,True
1045,1045,jason76,2024-11-22 08:13:15+00:00,2024-11-24 00:41:21.353438+00:00,2024-11-25 17:26:27.580931+00:00,2024-11-25 17:26:27.580931+00:00,closed,True,kalviumcommunity__contributor-compass,40.468431510555554,True
1046,1046,jason76,2025-01-23 08:13:15+00:00,2025-01-25 04:50:31.924543+00:00,2025-01-25 22:39:01.986661+00:00,2025-01-25 22:39:01.986661+00:00,closed,False,kalviumcommunity__contributor-compass,44.621367928611114,True
1047,1047,jason76,2025-02-22 08:13:15+00:00,2025-02-23 00:08:11.573578+00:00,2025-02-25 10:42:04.825195+00:00,2025-02-25 10:42:04.825195+00:00,closed,False,kalviumcommunity__contributor-compass,15.91571488277778,True
1048,1048,jason76,2025-04-25 08:13:15+00:00,2025-04-27 04:25:29.439341+00:00,2025-04-29 23:30:45.979815+00:00,2025-04-29 23:30:45.979815+00:00,closed,False,kalviumcommunity__contributor-compass,44.20401092805555,True
1049,1049,ithomas,2024-12-12 07:11:32+00:00,2024-12-13 19:31:33.446254+00:00,2024-12-14 19:49:57.200980+00:00,2024-12-14 19:49:57.200980+00:00,closed,True,kalviumcommunity__contributor-compass,36.333735070555555,True
1050,1050,julieryan,2025-03-09 14:32:02+00:00,2025-03-10 02:49:24.622728+00:00,2025-03-10 05:46:59.319505+00:00,2025-03-10 05:46:59.319505+00:00,closed,True,kalviumcommunity__contributor-compass,12.289617424444446,True
1051,1051,julieryan,2025-04-21 14:32:02+00:00,2025-04-23 00:56:25.147051+00:00,2025-04-25 22:16:48.918160+00:00,2025-04-25 22:16:48.918160+00:00,closed,False,kalviumcommunity__contributor-compass,34.406429736388894,True
1052,1052,julieryan,2025-06-03 14:32:02+00:00,2025-06-05 06:09:50.104020+00:00,2025-06-07 15:00:01.146369+00:00,2025-06-07 15:00:01.146369+00:00,closed,False,kalviumcommunity__contributor-compass,39.63002889444444,True
1053,1053,julieryan,2025-08-07 14:32:02+00:00,2025-08-08 15:20:43.909885+00:00,2025-08-10 04:39:23.643937+00:00,2025-08-10 04:39:23.643937+00:00,closed,False,kalviumcommunity__contributor-compass,24.81164163472222,True
1054,1054,julieryan,2025-10-05 14:32:02+00:00,2025-10-06 18:23:45.192951+00:00,,,open,False,kalviumcommunity__contributor-compass,27.861998041944446,False
1055,1055,zhurst,2025-09-17 02:34:25+00:00,2025-09-17 22:59:27.756655+00:00,2025-09-19 23:12:03.720040+00:00,2025-09-19 23:12:03.720040+00:00,closed,True,kalviumcommunity__contributor-compass,20.417432404166668,True
1056,1056,zhurst,2025-11-14 02:34:25+00:00,2025-11-14 08:17:30.099929+00:00,2025-11-15 06:39:32.887868+00:00,2025-11-15 06:39:32.887868+00:00,closed,False,kalviumcommunity__contributor-compass,5.718083313611111,True
1057,1057,zhurst,2026-02-02 02:34:25+00:00,,2026-02-03 01:38:55.437033+00:00,2026-02-03 01:38:55.437033+00:00,closed,False,kalviumcommunity__contributor-compass,,True
1058,1058,jeffrey28,2025-05-15 14:19:19+00:00,2025-05-15 17:57:42.213931+00:00,2025-05-18 10:56:44.033013+00:00,2025-05-18 10:56:44.033013+00:00,closed,True,kalviumcommunity__contributor-compass,3.6397816475,True
1059,1059,ddavis,2025-03-16 20:19:26+00:00,2025-03-18 08:13:05.338392+00:00,2025-03-20 19:19:34.375928+00:00,2025-03-20 19:19:34.375928+00:00,closed,True,kalviumcommunity__contributor-compass,35.894260664444445,True
1060,1060,ddavis,2025-04-25 20:19:26+00:00,2025-04-26 11:20:04.388793+00:00,2025-04-26 14:04:07.517896+00:00,2025-04-26 14:04:07.517896+00:00,closed,False,kalviumcommunity__contributor-compass,15.01066355361111,True
1061,1061,ddavis,2025-06-05 20:19:26+00:00,2025-06-06 06:51:29.487516+00:00,2025-06-08 03:15:31.115030+00:00,2025-06-08 03:15:31.115030+00:00,closed,False,kalviumcommunity__contributor-compass,10.534302087777778,True
1062,1062,ddavis,2025-06-24 20:19:26+00:00,,2025-06-27 00:49:35.216002+00:00,2025-06-27 00:49:35.216002+00:00,closed,False,kalviumcommunity__contributor-compass,,True
1063,1063,hernandezernest,2025-01-14 00:23:57+00:00,2025-01-15 20:48:28.113779+00:00,2025-01-18 13:11:11.965359+00:00,2025-01-18 13:11:11.965359+00:00,closed,True,kalviumcommunity__contributor-compass,44.40864271638889,True
1064,1064,ycarlson,2024-12-05 22:59:20+00:00,2024-12-08 09:15:02.606077+00:00,,,open,True,kalviumcommunity__contributor-compass,58.26183502138889,False
1065,1065,dcarlson,2024-07-07 12:34:35+00:00,2024-07-11 02:48:56.692984+00:00,2024-07-13 03:12:49.561433+00:00,2024-07-13 03:12:49.561433+00:00,closed,True,kalviumcommunity__contributor-compass,86.23935916222223,True
1066,1066,tasha01,2025-11-18 12:19:59+00:00,,2025-11-21 05:32:05.391186+00:00,2025-11-21 05:32:05.391186+00:00,closed,True,kalviumcommunity__contributor-compass,,True
1067,1067,tasha01,2026-01-27 12:19:59+00:00,2026-01-27 16:47:15.416744+00:00,2026-01-29 23:09:49.563374+00:00,2026-01-29 23:09:49.563374+00:00,closed,False,kalviumcommunity__contributor-compass,4.454560206666667,True
1068,1068,tasha01,2026-03-13 12:19:59+00:00,2026-03-14 10:08:20.993557+00:00,2026-03-15 06:38:08.100989+00:00,2026-03-15 06:38:08.100989+00:00,closed,False,kalviumcommunity__contributor-compass,21.806109321388888,True
1069,1069,tasha01,2026-04-01 12:19:59+00:00,2026-04-01 14:12:55.948429+00:00,2026-04-02 07:51:52.506970+00:00,2026-04-02 07:51:52.506970+00:00,closed,False,kalviumcommunity__contributor-compass,1.8824856747222223,True
1070,1070,tasha01,2026-05-23 12:19:59+00:00,2026-05-24 00:24:10.951532+00:00,,,open,False,kalviumcommunity__contributor-compass,12.069986536666667,False
1071,1071,kayla51,2025-05-29 00:09:08+00:00,2025-05-31 10:22:21.622192+00:00,2025-06-01 02:03:28.492152+00:00,2025-06-01 02:03:28.492152+00:00,closed,True,kalviumcommunity__contributor-compass,58.22045060888889,True
1072,1072,ryan70,2026-04-16 02:19:01+00:00,2026-04-17 07:49:35.251359+00:00,2026-04-18 15:46:14.926837+00:00,2026-04-18 15:46:14.926837+00:00,closed,True,kalviumcommunity__contributor-compass,29.50951426638889,True
1073,1073,ryan70,2026-04-29 02:19:01+00:00,2026-04-29 03:27:54.488600+00:00,2026-05-01 03:57:18.586031+00:00,2026-05-01 03:57:18.586031+00:00,closed,False,kalviumcommunity__contributor-compass,1.1481912777777776,True
1074,1074,teresa28,2025-12-27 01:34:03+00:00,2025-12-30 21:02:09.867676+00:00,2026-01-01 16:03:37.661126+00:00,2026-01-01 16:03:37.661126+00:00,closed,True,kalviumcommunity__contributor-compass,91.46857435444444,True
1075,1075,harrellkenneth,2025-08-11 22:50:59+00:00,,2025-08-13 06:16:50.969720+00:00,2025-08-13 06:16:50.969720+00:00,closed,True,kalviumcommunity__contributor-compass,,True
1076,1076,ericfarmer,2026-04-17 22:59:59+00:00,2026-04-21 15:19:22.731439+00:00,,,open,True,kalviumcommunity__contributor-compass,88.32325873305555,False
1077,1077,georgetracy,2025-01-19 03:23:23+00:00,2025-01-21 05:11:19.429835+00:00,,,open,True,kalviumcommunity__contributor-compass,49.799008287499994,False
1078,1078,hickmannatasha,2024-06-26 22:05:41+00:00,2024-06-28 06:41:32.608733+00:00,2024-07-01 01:38:36.168978+00:00,2024-07-01 01:38:36.168978+00:00,closed,True,kalviumcommunity__contributor-compass,32.5976690925,True
1079,1079,john39,2025-08-06 00:27:27+00:00,2025-08-06 15:43:58.869408+00:00,,,open,True,kalviumcommunity__contributor-compass,15.27551928,False
1080,1080,john39,2025-11-04 00:27:27+00:00,2025-11-04 21:29:55.938105+00:00,2025-11-06 23:04:52.548516+00:00,2025-11-06 23:04:52.548516+00:00,closed,False,kalviumcommunity__contributor-compass,21.04137169583333,True
1081,1081,john39,2025-11-29 00:27:27+00:00,2025-11-30 19:37:12.853310+00:00,2025-12-02 12:48:05.214462+00:00,2025-12-02 12:48:05.214462+00:00,closed,False,kalviumcommunity__contributor-compass,43.162737030555554,True
1082,1082,john39,2025-12-14 00:27:27+00:00,2025-12-14 11:21:34.704386+00:00,2025-12-16 00:16:58.282227+00:00,2025-12-16 00:16:58.282227+00:00,closed,False,kalviumcommunity__contributor-compass,10.902140107222221,True
1083,1083,millertodd,2025-11-07 12:08:15+00:00,2025-11-09 15:47:52.787868+00:00,2025-11-11 14:58:49.702891+00:00,2025-11-11 14:58:49.702891+00:00,closed,True,kalviumcommunity__contributor-compass,51.660496630000004,True
1084,1084,spenceamanda,2026-04-16 00:32:24+00:00,2026-04-17 10:51:04.114108+00:00,2026-04-18 05:16:52.679328+00:00,2026-04-18 05:16:52.679328+00:00,closed,True,kalviumcommunity__contributor-compass,34.31114280777778,True
1085,1085,spenceamanda,2026-05-07 00:32:24+00:00,2026-05-07 03:58:00.286948+00:00,2026-05-08 12:58:25.278198+00:00,2026-05-08 12:58:25.278198+00:00,closed,False,kalviumcommunity__contributor-compass,3.426746374444445,True
1086,1086,spenceamanda,2026-07-15 00:32:24+00:00,,2026-07-16 13:08:08.742324+00:00,2026-07-16 13:08:08.742324+00:00,closed,False,kalviumcommunity__contributor-compass,,True
1087,1087,davidalvarez,2025-03-05 04:02:20+00:00,2025-03-05 18:15:34.044150+00:00,2025-03-06 12:23:44.650625+00:00,2025-03-06 12:23:44.650625+00:00,closed,True,kalviumcommunity__contributor-compass,14.220567819444446,True
1088,1088,davidalvarez,2025-05-06 04:02:20+00:00,,2025-05-08 03:23:52.781174+00:00,2025-05-08 03:23:52.781174+00:00,closed,False,kalviumcommunity__contributor-compass,,True
1089,1089,davidalvarez,2025-07-17 04:02:20+00:00,2025-07-18 01:51:04.258327+00:00,2025-07-18 04:04:31.635416+00:00,2025-07-18 04:04:31.635416+00:00,closed,False,kalviumcommunity__contributor-compass,21.812293979722224,True
1090,1090,josephbrennan,2025-04-21 07:44:01+00:00,2025-04-22 13:37:18.483527+00:00,,,open,True,kalviumcommunity__contributor-compass,29.88818986861111,False
1091,1091,ibrandt,2024-10-14 14:53:11+00:00,2024-10-16 09:33:48.893716+00:00,2024-10-17 06:11:42.198369+00:00,2024-10-17 06:11:42.198369+00:00,closed,True,kalviumcommunity__contributor-compass,42.67719269888889,True
1092,1092,jenniferross,2026-03-25 23:52:48+00:00,,2026-03-26 22:50:27.595692+00:00,2026-03-26 22:50:27.595692+00:00,closed,True,kalviumcommunity__contributor-compass,,True
1093,1093,jenniferross,2026-06-11 23:52:48+00:00,,,,open,False,kalviumcommunity__contributor-compass,,False
1094,1094,samuel87,2026-05-09 14:43:03+00:00,2026-05-10 05:00:22.938509+00:00,,,open,True,kalviumcommunity__contributor-compass,14.288871808055555,False
1095,1095,samuel87,2026-05-20 14:43:03+00:00,2026-05-22 21:29:14.335947+00:00,2026-05-24 07:48:52.195071+00:00,2026-05-24 07:48:52.195071+00:00,closed,False,kalviumcommunity__contributor-compass,54.769815540833335,True
1096,1096,samuel87,2026-07-25 14:43:03+00:00,,2026-07-28 05:23:59.389759+00:00,2026-07-28 05:23:59.389759+00:00,closed,False,kalviumcommunity__contributor-compass,,True
1097,1097,samuel87,2026-08-18 14:43:03+00:00,2026-08-20 19:29:19.476861+00:00,2026-08-22 00:56:20.299101+00:00,2026-08-22 00:56:20.299101+00:00,closed,False,kalviumcommunity__contributor-compass,52.7712435725,True
1098,1098,wrightcaleb,2024-03-24 06:41:28+00:00,2024-03-26 15:07:05.494010+00:00,2024-03-28 07:44:28.961658+00:00,2024-03-28 07:44:28.961658+00:00,closed,True,kalviumcommunity__contributor-compass,56.42708166944444,True
1099,1099,wrightcaleb,2024-05-26 06:41:28+00:00,2024-05-28 01:01:15.402718+00:00,2024-05-30 10:09:48.758826+00:00,2024-05-30 10:09:48.758826+00:00,closed,False,kalviumcommunity__contributor-compass,42.329834088333335,True
1100,1100,chapmanjerry,2025-08-13 21:31:14+00:00,2025-08-14 01:46:56.617575+00:00,2025-08-15 22:52:31.200841+00:00,2025-08-15 22:52:31.200841+00:00,closed,True,kalviumcommunity__contributor-compass,4.261838215277778,True
1101,1101,chapmanjerry,2025-11-09 21:31:14+00:00,2025-11-10 22:28:59.252856+00:00,2025-11-11 06:31:43.354568+00:00,2025-11-11 06:31:43.354568+00:00,closed,False,kalviumcommunity__contributor-compass,24.96257023777778,True
1102,1102,chapmanjerry,2025-12-15 21:31:14+00:00,2025-12-16 09:13:51.296199+00:00,,,open,False,kalviumcommunity__contributor-compass,11.710360055277777,False
1103,1103,chapmanjerry,2026-01-24 21:31:14+00:00,2026-01-25 09:10:37.524613+00:00,2026-01-25 15:30:24.105104+00:00,2026-01-25 15:30:24.105104+00:00,closed,False,kalviumcommunity__contributor-compass,11.656534614722222,True
1104,1104,chapmanjerry,2026-02-03 21:31:14+00:00,2026-02-03 22:16:09.322743+00:00,2026-02-04 01:35:12.069778+00:00,2026-02-04 01:35:12.069778+00:00,closed,False,kalviumcommunity__contributor-compass,0.7487007619444445,True
1105,1105,chapmanjerry,2026-03-21 21:31:14+00:00,2026-03-23 05:59:27.007034+00:00,2026-03-25 08:54:10.626883+00:00,2026-03-25 08:54:10.626883+00:00,closed,False,kalviumcommunity__contributor-compass,32.470279731666665,True
1106,1106,adrianzimmerman,2024-11-03 07:14:05+00:00,2024-11-03 09:17:06.045838+00:00,2024-11-03 15:21:18.400138+00:00,2024-11-03 15:21:18.400138+00:00,closed,True,kalviumcommunity__contributor-compass,2.0502905105555556,True
1107,1107,adrianzimmerman,2024-12-04 07:14:05+00:00,2024-12-05 11:45:39.381755+00:00,2024-12-07 07:00:32.637694+00:00,2024-12-07 07:00:32.637694+00:00,closed,False,kalviumcommunity__contributor-compass,28.526217154166666,True
1108,1108,adrianzimmerman,2025-02-24 07:14:05+00:00,2025-02-25 17:25:44.610508+00:00,2025-02-26 16:01:10.318811+00:00,2025-02-26 16:01:10.318811+00:00,closed,False,kalviumcommunity__contributor-compass,34.19433625222222,True
1109,1109,adrianzimmerman,2025-04-26 07:14:05+00:00,2025-04-26 19:34:09.317368+00:00,2025-04-28 08:06:10.005839+00:00,2025-04-28 08:06:10.005839+00:00,closed,False,kalviumcommunity__contributor-compass,12.334532602222223,True
1110,1110,adrianzimmerman,2025-07-08 07:14:05+00:00,2025-07-08 08:30:43.556576+00:00,2025-07-10 13:39:50.427368+00:00,2025-07-10 13:39:50.427368+00:00,closed,False,kalviumcommunity__contributor-compass,1.2773768266666667,True
1111,1111,perezrebecca,2024-02-02 05:26:47+00:00,2024-02-04 00:18:44.069327+00:00,2024-02-04 04:10:07.284983+00:00,2024-02-04 04:10:07.284983+00:00,closed,True,kalviumcommunity__contributor-compass,42.865852590833335,True
1112,1112,perezrebecca,2024-03-05 05:26:47+00:00,,2024-03-05 19:49:55.626030+00:00,2024-03-05 19:49:55.626030+00:00,closed,False,kalviumcommunity__contributor-compass,,True
1113,1113,perezrebecca,2024-05-28 05:26:47+00:00,2024-05-29 05:27:36.707572+00:00,2024-05-31 16:16:17.715397+00:00,2024-05-31 16:16:17.715397+00:00,closed,False,kalviumcommunity__contributor-compass,24.01380765888889,True
1114,1114,perezrebecca,2024-06-18 05:26:47+00:00,2024-06-18 10:21:01.345975+00:00,2024-06-18 18:46:37.076474+00:00,2024-06-18 18:46:37.076474+00:00,closed,False,kalviumcommunity__contributor-compass,4.9039849930555555,True
1115,1115,chad34,2025-09-19 20:44:17+00:00,2025-09-21 07:32:09.182217+00:00,,,open,True,kalviumcommunity__contributor-compass,34.79782839361111,False
1116,1116,chad34,2025-12-07 20:44:17+00:00,2025-12-08 11:52:21.066628+00:00,2025-12-10 09:04:46.284465+00:00,2025-12-10 09:04:46.284465+00:00,closed,False,kalviumcommunity__contributor-compass,15.134462952222222,True
1117,1117,chad34,2026-02-18 20:44:17+00:00,2026-02-19 17:55:23.204997+00:00,2026-02-22 00:52:56.786014+00:00,2026-02-22 00:52:56.786014+00:00,closed,False,kalviumcommunity__contributor-compass,21.18505694361111,True
1118,1118,chad34,2026-03-26 20:44:17+00:00,2026-03-27 15:53:15.980114+00:00,2026-03-30 07:25:40.375511+00:00,2026-03-30 07:25:40.375511+00:00,closed,False,kalviumcommunity__contributor-compass,19.149716698333336,True
1119,1119,chad34,2026-06-06 20:44:17+00:00,2026-06-08 00:38:30.516831+00:00,,,open,False,kalviumcommunity__contributor-compass,27.903754675277778,False
1120,1120,ilewis,2025-01-06 17:39:21+00:00,2025-01-07 18:15:48.697365+00:00,2025-01-08 11:13:02.185922+00:00,2025-01-08 11:13:02.185922+00:00,closed,True,kalviumcommunity__contributor-compass,24.6076937125,True
1121,1121,esanchez,2024-07-01 11:27:19+00:00,2024-07-01 20:34:19.111265+00:00,2024-07-02 18:17:38.926068+00:00,2024-07-02 18:17:38.926068+00:00,closed,True,kalviumcommunity__contributor-compass,9.11669757361111,True
1122,1122,esanchez,2024-08-14 11:27:19+00:00,2024-08-14 16:36:31.310222+00:00,2024-08-16 02:02:25.932652+00:00,2024-08-16 02:02:25.932652+00:00,closed,False,kalviumcommunity__contributor-compass,5.153419506111111,True
1123,1123,glee,2025-03-15 09:00:05+00:00,2025-03-17 05:31:56.697393+00:00,2025-03-19 05:23:17.553874+00:00,2025-03-19 05:23:17.553874+00:00,closed,True,kalviumcommunity__contributor-compass,44.53102705361111,True
1124,1124,glee,2025-04-13 09:00:05+00:00,2025-04-13 12:42:07.560027+00:00,2025-04-15 19:51:57.816427+00:00,2025-04-15 19:51:57.816427+00:00,closed,False,kalviumcommunity__contributor-compass,3.700711118611111,True
1125,1125,glee,2025-06-10 09:00:05+00:00,2025-06-11 10:41:27.966010+00:00,2025-06-12 10:32:14.256729+00:00,2025-06-12 10:32:14.256729+00:00,closed,False,kalviumcommunity__contributor-compass,25.689712780555556,True
1126,1126,glee,2025-07-14 09:00:05+00:00,2025-07-15 16:00:06.123120+00:00,2025-07-18 05:46:43.039782+00:00,2025-07-18 05:46:43.039782+00:00,closed,False,kalviumcommunity__contributor-compass,31.00031197777778,True
1127,1127,glee,2025-09-14 09:00:05+00:00,2025-09-15 03:39:57.916674+00:00,,,open,False,kalviumcommunity__contributor-compass,18.66469907611111,False
1128,1128,agomez,2025-08-15 05:19:38+00:00,2025-08-15 07:28:40.297403+00:00,2025-08-15 11:06:22.510063+00:00,2025-08-15 11:06:22.510063+00:00,closed,True,kalviumcommunity__contributor-compass,2.1506381675,True
1129,1129,agomez,2025-10-28 05:19:38+00:00,2025-10-29 15:51:31.090863+00:00,2025-10-30 16:25:48.937188+00:00,2025-10-30 16:25:48.937188+00:00,closed,False,kalviumcommunity__contributor-compass,34.53141412861111,True
1130,1130,agomez,2025-11-19 05:19:38+00:00,2025-11-20 12:41:46.326593+00:00,2025-11-21 22:08:17.142429+00:00,2025-11-21 22:08:17.142429+00:00,closed,False,kalviumcommunity__contributor-compass,31.36897960916667,True
1131,1131,agomez,2025-12-17 05:19:38+00:00,2025-12-17 13:50:31.133434+00:00,2025-12-19 13:19:53.240469+00:00,2025-12-19 13:19:53.240469+00:00,closed,False,kalviumcommunity__contributor-compass,8.514759287222223,True
1132,1132,agomez,2026-01-15 05:19:38+00:00,2026-01-17 00:39:04.271015+00:00,2026-01-18 21:54:09.373788+00:00,2026-01-18 21:54:09.373788+00:00,closed,False,kalviumcommunity__contributor-compass,43.323964170833335,True
1133,1133,agomez,2026-03-16 05:19:38+00:00,2026-03-17 13:10:46.878265+00:00,2026-03-20 02:39:18.086990+00:00,2026-03-20 02:39:18.086990+00:00,closed,False,kalviumcommunity__contributor-compass,31.852466184722225,True
1134,1134,dshields,2025-03-22 10:15:56+00:00,2025-03-25 09:41:40.068684+00:00,,,open,True,kalviumcommunity__contributor-compass,71.42890796777777,False
1135,1135,brownjessica,2025-04-10 04:54:16+00:00,2025-04-11 10:14:03.622517+00:00,2025-04-12 08:03:48.426054+00:00,2025-04-12 08:03:48.426054+00:00,closed,True,kalviumcommunity__contributor-compass,29.32989514361111,True
1136,1136,brownjessica,2025-06-06 04:54:16+00:00,2025-06-06 14:43:39.753589+00:00,2025-06-08 16:08:07.928507+00:00,2025-06-08 16:08:07.928507+00:00,closed,False,kalviumcommunity__contributor-compass,9.823264885833334,True
1137,1137,wrightjames,2024-08-10 07:48:55+00:00,2024-08-11 21:42:26.665113+00:00,2024-08-13 07:20:12.884703+00:00,2024-08-13 07:20:12.884703+00:00,closed,True,kalviumcommunity__contributor-compass,37.89212919805556,True
1138,1138,ltaylor,2025-12-23 17:53:54+00:00,2025-12-26 06:29:52.056434+00:00,2025-12-27 08:01:58.630042+00:00,2025-12-27 08:01:58.630042+00:00,closed,True,kalviumcommunity__contributor-compass,60.599460120555555,True
1139,1139,steven17,2025-07-11 14:58:02+00:00,2025-07-11 23:05:19.455950+00:00,2025-07-14 21:31:22.066208+00:00,2025-07-14 21:31:22.066208+00:00,closed,True,kalviumcommunity__contributor-compass,8.121515541666666,True
1140,1140,steven17,2025-09-09 14:58:02+00:00,2025-09-10 07:59:53.459916+00:00,2025-09-12 13:52:10.815718+00:00,2025-09-12 13:52:10.815718+00:00,closed,False,kalviumcommunity__contributor-compass,17.03096108777778,True
1141,1141,steven17,2025-09-25 14:58:02+00:00,2025-09-27 06:07:02.803578+00:00,2025-09-29 12:01:28.806175+00:00,2025-09-29 12:01:28.806175+00:00,closed,False,kalviumcommunity__contributor-compass,39.15022321611111,True
1142,1142,steven17,2025-11-10 14:58:02+00:00,2025-11-11 12:42:50.830274+00:00,2025-11-12 05:15:48.390424+00:00,2025-11-12 05:15:48.390424+00:00,closed,False,kalviumcommunity__contributor-compass,21.746897298333334,True
1143,1143,steven17,2025-12-14 14:58:02+00:00,2025-12-15 00:15:38.171915+00:00,2025-12-17 01:22:54.767539+00:00,2025-12-17 01:22:54.767539+00:00,closed,False,kalviumcommunity__contributor-compass,9.2933810875,True
1144,1144,steven17,2026-01-10 14:58:02+00:00,,2026-01-11 14:24:05.245138+00:00,2026-01-11 14:24:05.245138+00:00,closed,False,kalviumcommunity__contributor-compass,,True
1145,1145,williamsyvette,2026-04-17 22:34:43+00:00,,2026-04-18 19:25:40.990842+00:00,2026-04-18 19:25:40.990842+00:00,closed,True,kalviumcommunity__contributor-compass,,True
1146,1146,williamsyvette,2026-05-18 22:34:43+00:00,2026-05-19 17:21:11.239120+00:00,2026-05-22 03:36:49.698134+00:00,2026-05-22 03:36:49.698134+00:00,closed,False,kalviumcommunity__contributor-compass,18.774510866666667,True
1147,1147,williamsyvette,2026-07-10 22:34:43+00:00,2026-07-12 22:32:36.756685+00:00,2026-07-14 08:47:42.259676+00:00,2026-07-14 08:47:42.259676+00:00,closed,False,kalviumcommunity__contributor-compass,47.9649324125,True
1148,1148,novaksara,2026-05-15 18:07:13+00:00,2026-05-15 18:43:11.605385+00:00,2026-05-17 04:00:34.914074+00:00,2026-05-17 04:00:34.914074+00:00,closed,True,kalviumcommunity__contributor-compass,0.5996126069444444,True
1149,1149,gabrieltucker,2025-07-31 01:32:28+00:00,2025-08-02 16:33:49.400235+00:00,2025-08-02 19:20:25.700685+00:00,2025-08-02 19:20:25.700685+00:00,closed,True,kalviumcommunity__contributor-compass,63.02261117638889,True
1150,1150,michellebarrera,2024-06-29 09:17:07+00:00,2024-07-02 10:04:41.110817+00:00,2024-07-04 10:40:57.388355+00:00,2024-07-04 10:40:57.388355+00:00,closed,True,kalviumcommunity__contributor-compass,72.79280856027778,True
1151,1151,nicholasgalloway,2024-08-28 01:01:52+00:00,2024-08-30 12:58:58.257105+00:00,2024-09-01 09:41:38.963016+00:00,2024-09-01 09:41:38.963016+00:00,closed,True,kalviumcommunity__contributor-compass,59.95173808472222,True
1152,1152,nicholasgalloway,2024-10-12 01:01:52+00:00,2024-10-13 11:09:34.821385+00:00,2024-10-16 07:38:56.722799+00:00,2024-10-16 07:38:56.722799+00:00,closed,False,kalviumcommunity__contributor-compass,34.12856149583333,True
1153,1153,nicholasgalloway,2024-12-07 01:01:52+00:00,2024-12-07 23:58:37.289692+00:00,,,open,False,kalviumcommunity__contributor-compass,22.945913803333333,False
1154,1154,nicholasgalloway,2025-02-02 01:01:52+00:00,,2025-02-03 06:47:56.492685+00:00,2025-02-03 06:47:56.492685+00:00,closed,False,kalviumcommunity__contributor-compass,,True
1155,1155,sara74,2025-12-07 09:05:32+00:00,2025-12-07 20:03:44.531005+00:00,2025-12-09 18:27:58.920981+00:00,2025-12-09 18:27:58.920981+00:00,closed,True,kalviumcommunity__contributor-compass,10.970147501388889,True
1156,1156,uhorton,2024-12-01 11:14:59+00:00,2024-12-03 00:16:35.690330+00:00,2024-12-03 20:57:47.140961+00:00,2024-12-03 20:57:47.140961+00:00,closed,True,kalviumcommunity__contributor-compass,37.026858425,True
1157,1157,uhorton,2024-12-29 11:14:59+00:00,2024-12-29 21:10:13.140462+00:00,2024-12-31 12:31:32.211236+00:00,2024-12-31 12:31:32.211236+00:00,closed,False,kalviumcommunity__contributor-compass,9.920594572777778,True
1158,1158,uhorton,2025-01-30 11:14:59+00:00,2025-02-01 06:27:01.861247+00:00,,,open,False,kalviumcommunity__contributor-compass,43.200794790833335,False
1159,1159,uhorton,2025-03-26 11:14:59+00:00,2025-03-28 02:25:30.040486+00:00,2025-03-28 20:19:05.359003+00:00,2025-03-28 20:19:05.359003+00:00,closed,False,kalviumcommunity__contributor-compass,39.175289023888894,True
1160,1160,smoore,2026-01-09 19:44:11+00:00,2026-01-10 03:16:25.999634+00:00,2026-01-11 23:56:47.306988+00:00,2026-01-11 23:56:47.306988+00:00,closed,True,kalviumcommunity__contributor-compass,7.5374998983333334,True
1161,1161,smoore,2026-03-26 19:44:11+00:00,2026-03-27 20:16:39.174496+00:00,2026-03-29 18:57:17.053379+00:00,2026-03-29 18:57:17.053379+00:00,closed,False,kalviumcommunity__contributor-compass,24.541159582222225,True
1162,1162,smoore,2026-04-08 19:44:11+00:00,2026-04-10 07:37:45.060121+00:00,2026-04-12 09:20:31.580115+00:00,2026-04-12 09:20:31.580115+00:00,closed,False,kalviumcommunity__contributor-compass,35.892794478055556,True
1163,1163,tanyariley,2025-11-20 01:12:08+00:00,2025-11-21 17:50:55.658487+00:00,,,open,True,kalviumcommunity__contributor-compass,40.64657180194445,False
1164,1164,adkinsbrian,2025-05-20 03:47:31+00:00,2025-05-20 09:04:41.400214+00:00,2025-05-21 16:37:20.347895+00:00,2025-05-21 16:37:20.347895+00:00,closed,True,kalviumcommunity__contributor-compass,5.286222281666667,True
1165,1165,hshaw,2026-05-06 11:16:01+00:00,2026-05-08 16:12:42.653667+00:00,2026-05-09 09:26:05.611275+00:00,2026-05-09 09:26:05.611275+00:00,closed,True,kalviumcommunity__contributor-compass,52.94490379638889,True
1166,1166,hshaw,2026-06-28 11:16:01+00:00,2026-06-29 14:20:23.949260+00:00,2026-06-30 13:31:51.307519+00:00,2026-06-30 13:31:51.307519+00:00,closed,False,kalviumcommunity__contributor-compass,27.07304146111111,True
1167,1167,brianromero,2025-08-04 10:57:12+00:00,2025-08-04 18:39:41.633333+00:00,2025-08-05 02:08:18.689239+00:00,2025-08-05 02:08:18.689239+00:00,closed,True,kalviumcommunity__contributor-compass,7.708231481388889,True
1168,1168,brianromero,2025-08-24 10:57:12+00:00,2025-08-25 12:35:10.728607+00:00,2025-08-27 23:13:18.957924+00:00,2025-08-27 23:13:18.957924+00:00,closed,False,kalviumcommunity__contributor-compass,25.63298016861111,True
1169,1169,brianromero,2025-11-13 10:57:12+00:00,2025-11-14 10:41:26.203798+00:00,,,open,False,kalviumcommunity__contributor-compass,23.73727883277778,False
1170,1170,brianromero,2026-02-02 10:57:12+00:00,,2026-02-05 02:28:46.044343+00:00,2026-02-05 02:28:46.044343+00:00,closed,False,kalviumcommunity__contributor-compass,,True
1171,1171,caseyjones,2024-03-20 22:02:55+00:00,2024-03-21 13:58:44.274574+00:00,2024-03-23 08:00:40.247874+00:00,2024-03-23 08:00:40.247874+00:00,closed,True,kalviumcommunity__contributor-compass,15.930354048333333,True
1172,1172,caseyjones,2024-04-26 22:02:55+00:00,2024-04-28 03:44:45.170584+00:00,2024-04-29 05:36:14.307507+00:00,2024-04-29 05:36:14.307507+00:00,closed,False,kalviumcommunity__contributor-compass,29.69726960666667,True
1173,1173,caseyjones,2024-07-16 22:02:55+00:00,2024-07-18 08:15:56.890415+00:00,2024-07-20 15:24:38.889938+00:00,2024-07-20 15:24:38.889938+00:00,closed,False,kalviumcommunity__contributor-compass,34.21719178194444,True
1174,1174,caseyjones,2024-10-07 22:02:55+00:00,2024-10-08 20:25:07.929559+00:00,2024-10-11 03:54:23.684700+00:00,2024-10-11 03:54:23.684700+00:00,closed,False,kalviumcommunity__contributor-compass,22.37025821083333,True
1175,1175,richarddavid,2026-05-14 20:45:45+00:00,2026-05-17 04:56:12.742274+00:00,2026-05-19 16:49:42.920188+00:00,2026-05-19 16:49:42.920188+00:00,closed,True,kalviumcommunity__contributor-compass,56.17437285388888,True
1176,1176,bethwilliams,2026-05-29 17:58:50+00:00,2026-05-30 18:45:35.292907+00:00,,,open,True,kalviumcommunity__contributor-compass,24.779248029722222,False
1177,1177,bethwilliams,2026-08-14 17:58:50+00:00,2026-08-15 09:13:19.142326+00:00,2026-08-16 16:01:48.327732+00:00,2026-08-16 16:01:48.327732+00:00,closed,False,kalviumcommunity__contributor-compass,15.24142842388889,True
1178,1178,bethwilliams,2026-10-06 17:58:50+00:00,2026-10-07 21:06:14.009267+00:00,2026-10-10 16:56:37.746834+00:00,2026-10-10 16:56:37.746834+00:00,closed,False,kalviumcommunity__contributor-compass,27.1233359075,True
1179,1179,bethwilliams,2026-12-31 17:58:50+00:00,2027-01-02 00:48:40.818900+00:00,,,open,False,kalviumcommunity__contributor-compass,30.830783027777777,False
1180,1180,bethwilliams,2027-01-16 17:58:50+00:00,2027-01-18 04:02:02.476759+00:00,,,open,False,kalviumcommunity__contributor-compass,34.05346576638889,False
1181,1181,bethwilliams,2027-02-05 17:58:50+00:00,2027-02-07 10:49:21.188549+00:00,2027-02-09 10:49:12.718431+00:00,2027-02-09 10:49:12.718431+00:00,closed,False,kalviumcommunity__contributor-compass,40.84199681916667,True
1182,1182,barnesbrandy,2025-10-05 09:53:20+00:00,2025-10-06 09:48:27.109273+00:00,2025-10-07 06:55:04.907026+00:00,2025-10-07 06:55:04.907026+00:00,closed,True,kalviumcommunity__contributor-compass,23.91864146472222,True
1183,1183,sarah35,2025-04-24 02:42:30+00:00,2025-04-27 02:11:29.193786+00:00,2025-04-28 21:44:36.652781+00:00,2025-04-28 21:44:36.652781+00:00,closed,True,kalviumcommunity__contributor-compass,71.48310938499999,True
1184,1184,josephanderson,2024-01-13 00:11:30+00:00,2024-01-13 03:39:38.269108+00:00,2024-01-13 20:59:54.568137+00:00,2024-01-13 20:59:54.568137+00:00,closed,True,kalviumcommunity__contributor-compass,3.4689636411111113,True
1185,1185,stephen10,2025-07-04 04:18:33+00:00,2025-07-05 10:44:42.252293+00:00,2025-07-05 14:44:54.710348+00:00,2025-07-05 14:44:54.710348+00:00,closed,True,kalviumcommunity__contributor-compass,30.435903414722222,True
1186,1186,khowell,2024-04-30 22:55:42+00:00,2024-05-03 02:07:45.493870+00:00,2024-05-04 08:47:08.070006+00:00,2024-05-04 08:47:08.070006+00:00,closed,True,kalviumcommunity__contributor-compass,51.200970519444446,True
1187,1187,jonesjason,2025-05-19 12:14:07+00:00,2025-05-19 17:17:18.990540+00:00,2025-05-21 02:57:19.758664+00:00,2025-05-21 02:57:19.758664+00:00,closed,True,kalviumcommunity__contributor-compass,5.053330705555555,True
1188,1188,david51,2025-09-06 19:15:06+00:00,2025-09-09 05:40:31.753411+00:00,2025-09-09 12:05:54.322293+00:00,2025-09-09 12:05:54.322293+00:00,closed,True,kalviumcommunity__contributor-compass,58.423820391944446,True
1189,1189,mikemoore,2024-10-28 05:15:14+00:00,,2024-10-30 16:53:57.262550+00:00,2024-10-30 16:53:57.262550+00:00,closed,True,kalviumcommunity__contributor-compass,,True
1190,1190,mikemoore,2024-11-25 05:15:14+00:00,2024-11-26 01:58:52.532649+00:00,2024-11-27 21:45:05.713285+00:00,2024-11-27 21:45:05.713285+00:00,closed,False,kalviumcommunity__contributor-compass,20.727370180277777,True
1191,1191,cheryl80,2025-05-06 02:30:44+00:00,2025-05-07 22:31:43.216898+00:00,,,open,True,kalviumcommunity__contributor-compass,44.016449138333336,False
1192,1192,sarah12,2025-03-02 16:34:35+00:00,2025-03-03 03:01:40.036813+00:00,2025-03-03 06:41:52.448781+00:00,2025-03-03 06:41:52.448781+00:00,closed,True,kalviumcommunity__contributor-compass,10.451399114722221,True
1193,1193,darrell18,2024-04-29 04:44:20+00:00,2024-04-29 22:05:13.030563+00:00,,,open,True,kalviumcommunity__contributor-compass,17.348064045277777,False
1194,1194,darrell18,2024-07-24 04:44:20+00:00,2024-07-24 08:02:08.335318+00:00,2024-07-26 17:15:16.964299+00:00,2024-07-26 17:15:16.964299+00:00,closed,False,kalviumcommunity__contributor-compass,3.2967598105555553,True
1195,1195,darrell18,2024-08-08 04:44:20+00:00,2024-08-08 23:59:47.891828+00:00,2024-08-11 10:29:36.840392+00:00,2024-08-11 10:29:36.840392+00:00,closed,False,kalviumcommunity__contributor-compass,19.257747730000002,True
1196,1196,darrell18,2024-09-11 04:44:20+00:00,2024-09-11 17:20:03.385072+00:00,2024-09-11 22:43:38.302818+00:00,2024-09-11 22:43:38.302818+00:00,closed,False,kalviumcommunity__contributor-compass,12.59538474222222,True
1197,1197,darrell18,2024-10-04 04:44:20+00:00,2024-10-05 16:05:25.783189+00:00,2024-10-08 04:32:39.389949+00:00,2024-10-08 04:32:39.389949+00:00,closed,False,kalviumcommunity__contributor-compass,35.35160644138889,True
1198,1198,darrell18,2024-10-24 04:44:20+00:00,2024-10-24 15:30:36.817377+00:00,2024-10-25 23:35:27.832290+00:00,2024-10-25 23:35:27.832290+00:00,closed,False,kalviumcommunity__contributor-compass,10.771338160277777,True
1199,1199,josephjacobs,2024-09-03 14:29:15+00:00,2024-09-04 20:02:51.915055+00:00,2024-09-07 04:02:05.115014+00:00,2024-09-07 04:02:05.115014+00:00,closed,True,kalviumcommunity__contributor-compass,29.560254181944448,True
1200,1200,josephjacobs,2024-11-28 14:29:15+00:00,2024-11-30 06:31:44.971795+00:00,2024-12-01 06:56:13.928803+00:00,2024-12-01 06:56:13.928803+00:00,closed,False,kalviumcommunity__contributor-compass,40.04165883194444,True
1201,1201,josephjacobs,2025-02-17 14:29:15+00:00,2025-02-18 17:19:49.364763+00:00,2025-02-19 14:30:17.331286+00:00,2025-02-19 14:30:17.331286+00:00,closed,False,kalviumcommunity__contributor-compass,26.842879100833336,True
1202,1202,josephjacobs,2025-05-15 14:29:15+00:00,2025-05-16 19:56:08.245327+00:00,2025-05-17 06:58:37.339404+00:00,2025-05-17 06:58:37.339404+00:00,closed,False,kalviumcommunity__contributor-compass,29.448123701944443,True
1203,1203,josephjacobs,2025-07-08 14:29:15+00:00,2025-07-09 00:49:58.378333+00:00,2025-07-11 00:24:45.964263+00:00,2025-07-11 00:24:45.964263+00:00,closed,False,kalviumcommunity__contributor-compass,10.345382870277778,True
1204,1204,james48,2025-10-19 17:44:00+00:00,2025-10-20 18:56:40.136772+00:00,2025-10-21 20:12:26.924188+00:00,2025-10-21 20:12:26.924188+00:00,closed,True,kalviumcommunity__contributor-compass,25.211149103333334,True
1205,1205,dking,2024-06-06 02:48:03+00:00,2024-06-07 08:32:42.643649+00:00,2024-06-08 22:55:44.128161+00:00,2024-06-08 22:55:44.128161+00:00,closed,True,kalviumcommunity__contributor-compass,29.744345458055555,True
1206,1206,dking,2024-07-29 02:48:03+00:00,2024-07-30 13:38:40.099632+00:00,2024-07-31 01:35:47.105426+00:00,2024-07-31 01:35:47.105426+00:00,closed,False,kalviumcommunity__contributor-compass,34.843638786666666,True
1207,1207,dking,2024-08-31 02:48:03+00:00,2024-08-31 08:12:53.071562+00:00,2024-09-02 15:57:45.672752+00:00,2024-09-02 15:57:45.672752+00:00,closed,False,kalviumcommunity__contributor-compass,5.413908767222223,True
1208,1208,waltersmaria,2024-03-08 20:58:18+00:00,,2024-03-09 18:42:05.579563+00:00,2024-03-09 18:42:05.579563+00:00,closed,True,kalviumcommunity__contributor-compass,,True
1209,1209,smithkellie,2025-07-25 10:06:17+00:00,2025-07-27 12:03:17.425937+00:00,2025-07-28 20:20:14.122274+00:00,2025-07-28 20:20:14.122274+00:00,closed,True,kalviumcommunity__contributor-compass,49.95011831583333,True
1210,1210,evan78,2026-02-20 05:43:13+00:00,,,,open,True,kalviumcommunity__contributor-compass,,False
1211,1211,evan78,2026-04-03 05:43:13+00:00,2026-04-03 19:00:55.916082+00:00,,,open,False,kalviumcommunity__contributor-compass,13.295254467222223,False
1212,1212,evan78,2026-06-13 05:43:13+00:00,2026-06-14 15:08:02.294676+00:00,,,open,False,kalviumcommunity__contributor-compass,33.413692965555555,False
1213,1213,evan78,2026-08-28 05:43:13+00:00,2026-08-28 12:09:24.853591+00:00,2026-08-29 09:23:46.959985+00:00,2026-08-29 09:23:46.959985+00:00,closed,False,kalviumcommunity__contributor-compass,6.4366259975,True
1214,1214,evan78,2026-09-27 05:43:13+00:00,2026-09-27 21:04:20.454954+00:00,,,open,False,kalviumcommunity__contributor-compass,15.352070820555555,False
1215,1215,hhoffman,2024-03-23 17:33:38+00:00,2024-03-27 05:17:07.963693+00:00,2024-03-28 09:42:12.023465+00:00,2024-03-28 09:42:12.023465+00:00,closed,True,kalviumcommunity__contributor-compass,83.72498991472223,True
1216,1216,landryhannah,2025-06-04 20:31:49+00:00,2025-06-06 06:01:38.643420+00:00,2025-06-08 08:26:54.643700+00:00,2025-06-08 08:26:54.643700+00:00,closed,True,kalviumcommunity__contributor-compass,33.49712317222222,True
1217,1217,amydavenport,2025-12-29 17:41:35+00:00,2025-12-30 10:32:49.767712+00:00,,,open,True,kalviumcommunity__contributor-compass,16.85410214222222,False
1218,1218,amydavenport,2026-02-09 17:41:35+00:00,2026-02-10 15:31:15.746086+00:00,2026-02-12 11:45:05.499420+00:00,2026-02-12 11:45:05.499420+00:00,closed,False,kalviumcommunity__contributor-compass,21.82798502388889,True
1219,1219,russellwilliams,2026-02-15 10:59:02+00:00,2026-02-17 06:52:55.575664+00:00,2026-02-18 01:03:34.962822+00:00,2026-02-18 01:03:34.962822+00:00,closed,True,kalviumcommunity__contributor-compass,43.898215462222225,True
1220,1220,russellwilliams,2026-03-15 10:59:02+00:00,2026-03-16 06:46:07.180488+00:00,2026-03-18 00:17:08.826303+00:00,2026-03-18 00:17:08.826303+00:00,closed,False,kalviumcommunity__contributor-compass,19.784772357777776,True
1221,1221,rachel05,2024-05-12 23:55:10+00:00,2024-05-14 07:16:17.695445+00:00,2024-05-15 22:54:05.044403+00:00,2024-05-15 22:54:05.044403+00:00,closed,True,kalviumcommunity__contributor-compass,31.352137623611114,True
1222,1222,rachel05,2024-07-25 23:55:10+00:00,2024-07-26 05:50:58.786230+00:00,2024-07-28 03:58:56.240529+00:00,2024-07-28 03:58:56.240529+00:00,closed,False,kalviumcommunity__contributor-compass,5.930218397222222,True
1223,1223,rachel05,2024-09-20 23:55:10+00:00,2024-09-21 14:56:18.734360+00:00,2024-09-21 17:05:30.248631+00:00,2024-09-21 17:05:30.248631+00:00,closed,False,kalviumcommunity__contributor-compass,15.019092877777778,True
1224,1224,evelynestrada,2025-12-22 18:23:49+00:00,2025-12-25 04:43:07.095946+00:00,,,open,True,kalviumcommunity__contributor-compass,58.32169331833333,False
1225,1225,kimberly69,2025-04-26 16:28:00+00:00,2025-04-27 19:02:12.518632+00:00,2025-04-28 14:01:19.517018+00:00,2025-04-28 14:01:19.517018+00:00,closed,True,kalviumcommunity__contributor-compass,26.570144064444445,True
1226,1226,kimberly69,2025-05-30 16:28:00+00:00,2025-05-31 05:44:58.015839+00:00,,,open,False,kalviumcommunity__contributor-compass,13.2827821775,False
1227,1227,kimberly69,2025-07-21 16:28:00+00:00,2025-07-23 17:33:44.328227+00:00,2025-07-26 03:18:56.248611+00:00,2025-07-26 03:18:56.248611+00:00,closed,False,kalviumcommunity__contributor-compass,49.09564672972222,True
1228,1228,kimberly69,2025-09-24 16:28:00+00:00,2025-09-26 07:28:34.602902+00:00,2025-09-27 11:55:41.005669+00:00,2025-09-27 11:55:41.005669+00:00,closed,False,kalviumcommunity__contributor-compass,39.00961191722222,True
1229,1229,kimberly69,2025-10-27 16:28:00+00:00,2025-10-27 20:38:13.080365+00:00,2025-10-29 08:57:40.059486+00:00,2025-10-29 08:57:40.059486+00:00,closed,False,kalviumcommunity__contributor-compass,4.1703001013888885,True
1230,1230,kimberly69,2026-01-11 16:28:00+00:00,2026-01-12 11:48:48.427095+00:00,2026-01-13 19:23:11.615147+00:00,2026-01-13 19:23:11.615147+00:00,closed,False,kalviumcommunity__contributor-compass,19.34678530416667,True
1231,1231,sarayoung,2025-05-13 23:37:48+00:00,2025-05-15 15:57:16.156546+00:00,2025-05-16 13:56:41.727597+00:00,2025-05-16 13:56:41.727597+00:00,closed,True,kalviumcommunity__contributor-compass,40.324487929444444,True
1232,1232,theresacochran,2025-10-23 22:45:31+00:00,2025-10-25 18:18:13.307633+00:00,2025-10-27 14:57:29.346483+00:00,2025-10-27 14:57:29.346483+00:00,closed,True,kalviumcommunity__contributor-compass,43.54508545361111,True
1233,1233,theresacochran,2025-12-27 22:45:31+00:00,2025-12-29 08:49:50.180924+00:00,2026-01-01 07:24:45.153486+00:00,2026-01-01 07:24:45.153486+00:00,closed,False,kalviumcommunity__contributor-compass,34.07199470111111,True
1234,1234,theresacochran,2026-01-13 22:45:31+00:00,2026-01-15 13:47:46.441173+00:00,2026-01-17 23:40:26.572527+00:00,2026-01-17 23:40:26.572527+00:00,closed,False,kalviumcommunity__contributor-compass,39.03762254805555,True
1235,1235,theresacochran,2026-02-12 22:45:31+00:00,2026-02-14 04:27:53.883004+00:00,2026-02-14 15:36:08.315117+00:00,2026-02-14 15:36:08.315117+00:00,closed,False,kalviumcommunity__contributor-compass,29.70635639,True
1236,1236,vjohnson,2025-11-11 16:16:01+00:00,2025-11-13 07:22:20.164569+00:00,2025-11-15 00:38:47.894994+00:00,2025-11-15 00:38:47.894994+00:00,closed,True,kalviumcommunity__contributor-compass,39.10532349138889,True
1237,1237,vjohnson,2026-02-06 16:16:01+00:00,2026-02-07 13:28:51.130218+00:00,2026-02-08 22:25:31.338782+00:00,2026-02-08 22:25:31.338782+00:00,closed,False,kalviumcommunity__contributor-compass,21.213925060555557,True
1238,1238,vjohnson,2026-04-04 16:16:01+00:00,2026-04-04 18:36:27.202437+00:00,2026-04-06 09:11:57.148158+00:00,2026-04-06 09:11:57.148158+00:00,closed,False,kalviumcommunity__contributor-compass,2.3406117880555555,True
1239,1239,kimberly63,2025-02-10 15:44:30+00:00,2025-02-13 04:17:59.511277+00:00,2025-02-15 00:44:35.319191+00:00,2025-02-15 00:44:35.319191+00:00,closed,True,kalviumcommunity__contributor-compass,60.55819757694445,True
1240,1240,kimberly63,2025-04-23 15:44:30+00:00,2025-04-24 14:14:11.954772+00:00,,,open,False,kalviumcommunity__contributor-compass,22.494987436666666,False
1241,1241,kimberly63,2025-05-25 15:44:30+00:00,2025-05-26 19:26:59.378292+00:00,2025-05-28 04:03:09.799157+00:00,2025-05-28 04:03:09.799157+00:00,closed,False,kalviumcommunity__contributor-compass,27.708160636666666,True
1242,1242,kimberly63,2025-06-15 15:44:30+00:00,2025-06-17 02:19:07.109979+00:00,2025-06-19 02:44:06.960428+00:00,2025-06-19 02:44:06.960428+00:00,closed,False,kalviumcommunity__contributor-compass,34.57697499416667,True
1243,1243,erik16,2025-03-27 01:29:25+00:00,,2025-03-29 20:49:49.131138+00:00,2025-03-29 20:49:49.131138+00:00,closed,True,kalviumcommunity__contributor-compass,,True
1244,1244,erik16,2025-04-28 01:29:25+00:00,2025-04-29 02:20:20.896524+00:00,,,open,False,kalviumcommunity__contributor-compass,24.848860145555555,False
1245,1245,erik16,2025-06-02 01:29:25+00:00,2025-06-02 04:16:31.152116+00:00,2025-06-02 22:05:00.920820+00:00,2025-06-02 22:05:00.920820+00:00,closed,False,kalviumcommunity__contributor-compass,2.7850422544444444,True
1246,1246,erik16,2025-08-14 01:29:25+00:00,2025-08-15 16:17:35.279352+00:00,2025-08-18 02:21:11.216591+00:00,2025-08-18 02:21:11.216591+00:00,closed,False,kalviumcommunity__contributor-compass,38.80285537555556,True
1247,1247,erik16,2025-11-02 01:29:25+00:00,2025-11-03 00:37:26.625124+00:00,,,open,False,kalviumcommunity__contributor-compass,23.133784756666667,False
1248,1248,garrisonjeffrey,2024-04-25 05:04:20+00:00,,2024-04-27 13:58:15.204611+00:00,2024-04-27 13:58:15.204611+00:00,closed,True,kalviumcommunity__contributor-compass,,True
1249,1249,ybailey,2026-03-15 20:14:51+00:00,2026-03-17 13:55:02.051906+00:00,2026-03-18 13:49:34.139901+00:00,2026-03-18 13:49:34.139901+00:00,closed,True,kalviumcommunity__contributor-compass,41.669736640555556,True
1250,1250,jeffreykeller,2024-09-18 23:12:07+00:00,2024-09-19 01:34:34.073765+00:00,2024-09-21 18:37:05.502192+00:00,2024-09-21 18:37:05.502192+00:00,closed,True,kalviumcommunity__contributor-compass,2.374187156944444,True
1000,1000,mooreglenn,2024-02-09 13:02:28+00:00,2024-02-11 06:26:57.384302+00:00,2024-02-12 13:10:02.773664+00:00,2024-02-12 13:10:02.773664+00:00,closed,True,sample-org__data-widgets,41.40816230611111,True
1001,1001,mooreglenn,2024-04-08 13:02:28+00:00,2024-04-09 07:23:20.645898+00:00,2024-04-11 18:19:34.003487+00:00,2024-04-11 18:19:34.003487+00:00,closed,False,sample-org__data-widgets,18.347957193888888,True
1002,1002,mooreglenn,2024-05-31 13:02:28+00:00,,2024-06-01 06:19:44.032380+00:00,2024-06-01 06:19:44.032380+00:00,closed,False,sample-org__data-widgets,,True
1003,1003,mooreglenn,2024-08-17 13:02:28+00:00,2024-08-17 22:02:11.572819+00:00,2024-08-19 00:29:23.439674+00:00,2024-08-19 00:29:23.439674+00:00,closed,False,sample-org__data-widgets,8.995436894166668,True
1004,1004,mooreglenn,2024-10-04 13:02:28+00:00,2024-10-04 20:01:20.083663+00:00,2024-10-07 08:42:27.334002+00:00,2024-10-07 08:42:27.334002+00:00,closed,False,sample-org__data-widgets,6.981134350833334,True
1005,1005,mooreglenn,2024-12-24 13:02:28+00:00,2024-12-25 11:53:29.995951+00:00,,,open,False,sample-org__data-widgets,22.850554430833334,False
1006,1006,moorericky,2026-05-18 10:12:38+00:00,2026-05-20 02:29:48.110360+00:00,2026-05-21 03:19:35.767955+00:00,2026-05-21 03:19:35.767955+00:00,closed,True,sample-org__data-widgets,40.28614176666667,True
1007,1007,moorericky,2026-06-08 10:12:38+00:00,2026-06-09 08:03:37.305730+00:00,2026-06-10 14:54:50.094158+00:00,2026-06-10 14:54:50.094158+00:00,closed,False,sample-org__data-widgets,21.84980714722222,True
1008,1008,ocarter,2025-08-15 21:39:35+00:00,2025-08-17 21:09:52.109008+00:00,2025-08-18 08:52:11.081108+00:00,2025-08-18 08:52:11.081108+00:00,closed,True,sample-org__data-widgets,47.504752502222225,True
1009,1009,ocarter,2025-09-19 21:39:35+00:00,,2025-09-22 21:12:42.549804+00:00,2025-09-22 21:12:42.549804+00:00,closed,False,sample-org__data-widgets,,True
1010,1010,ocarter,2025-10-17 21:39:35+00:00,2025-10-20 06:38:43.554904+00:00,2025-10-22 10:27:28.412286+00:00,2025-10-22 10:27:28.412286+00:00,closed,False,sample-org__data-widgets,56.985709695555556,True
1011,1011,jasmine71,2024-10-01 16:29:11+00:00,2024-10-02 19:07:58.650266+00:00,2024-10-04 13:02:55.541128+00:00,2024-10-04 13:02:55.541128+00:00,closed,True,sample-org__data-widgets,26.646569518333333,True
1012,1012,jasmine71,2024-10-31 16:29:11+00:00,2024-11-01 17:15:57.951096+00:00,2024-11-04 00:28:46.230208+00:00,2024-11-04 00:28:46.230208+00:00,closed,False,sample-org__data-widgets,24.77970863777778,True
1013,1013,sandrafrench,2024-11-05 18:42:07+00:00,2024-11-06 17:16:55.622541+00:00,2024-11-06 19:33:14.984252+00:00,2024-11-06 19:33:14.984252+00:00,closed,True,sample-org__data-widgets,22.580172928055557,True
1014,1014,sandrafrench,2024-11-15 18:42:07+00:00,,2024-11-16 13:52:06.190207+00:00,2024-11-16 13:52:06.190207+00:00,closed,False,sample-org__data-widgets,,True
1015,1015,sandrafrench,2025-01-08 18:42:07+00:00,2025-01-09 12:02:45.732392+00:00,2025-01-10 10:46:48.749931+00:00,2025-01-10 10:46:48.749931+00:00,closed,False,sample-org__data-widgets,17.34409233111111,True
1016,1016,sandrafrench,2025-01-26 18:42:07+00:00,2025-01-27 21:09:38.245848+00:00,2025-01-28 19:19:58.741841+00:00,2025-01-28 19:19:58.741841+00:00,closed,False,sample-org__data-widgets,26.458679402222224,True
1017,1017,ronaldstephens,2026-03-19 05:45:28+00:00,2026-03-19 17:05:36.132276+00:00,2026-03-22 10:05:29.825459+00:00,2026-03-22 10:05:29.825459+00:00,closed,True,sample-org__data-widgets,11.335592298888887,True
1018,1018,ronaldstephens,2026-05-13 05:45:28+00:00,2026-05-13 18:00:19.595697+00:00,2026-05-14 06:42:43.820570+00:00,2026-05-14 06:42:43.820570+00:00,closed,False,sample-org__data-widgets,12.247665471388888,True
1019,1019,ronaldstephens,2026-07-13 05:45:28+00:00,2026-07-14 12:22:19.762069+00:00,2026-07-15 04:21:59.984643+00:00,2026-07-15 04:21:59.984643+00:00,closed,False,sample-org__data-widgets,30.6143783525,True
1020,1020,ronaldstephens,2026-07-25 05:45:28+00:00,2026-07-26 03:02:21.916301+00:00,2026-07-26 16:02:14.416328+00:00,2026-07-26 16:02:14.416328+00:00,closed,False,sample-org__data-widgets,21.281643416944444,True
1021,1021,ronaldstephens,2026-09-19 05:45:28+00:00,2026-09-19 19:19:32.214193+00:00,2026-09-21 17:47:18.283589+00:00,2026-09-21 17:47:18.283589+00:00,closed,False,sample-org__data-widgets,13.567837275833334,True
1022,1022,ronaldstephens,2026-12-06 05:45:28+00:00,,2026-12-08 01:25:34.991749+00:00,2026-12-08 01:25:34.991749+00:00,closed,False,sample-org__data-widgets,,True
1023,1023,rebekahserrano,2024-01-31 16:01:35+00:00,2024-02-02 09:51:49.612777+00:00,2024-02-04 12:41:47.128494+00:00,2024-02-04 12:41:47.128494+00:00,closed,True,sample-org__data-widgets,41.83739243805556,True
1024,1024,rebekahserrano,2024-03-07 16:01:35+00:00,2024-03-08 14:14:50.430382+00:00,2024-03-10 11:59:58.008928+00:00,2024-03-10 11:59:58.008928+00:00,closed,False,sample-org__data-widgets,22.22095288388889,True
1025,1025,brownlaura,2024-06-05 20:48:05+00:00,2024-06-06 16:26:12.646947+00:00,2024-06-07 00:53:08.725899+00:00,2024-06-07 00:53:08.725899+00:00,closed,True,sample-org__data-widgets,19.63545748527778,True
1026,1026,brownlaura,2024-09-02 20:48:05+00:00,2024-09-03 06:39:20.839435+00:00,,,open,False,sample-org__data-widgets,9.854399843055557,False
1027,1027,scott74,2026-02-12 05:03:26+00:00,2026-02-13 16:20:57.583169+00:00,2026-02-14 07:40:05.250528+00:00,2026-02-14 07:40:05.250528+00:00,closed,True,sample-org__data-widgets,35.29210643583333,True
1028,1028,gbender,2025-05-28 13:47:46+00:00,2025-05-30 11:37:27.475711+00:00,,,open,True,sample-org__data-widgets,45.8281876975,False
1029,1029,mkim,2026-02-06 13:32:00+00:00,2026-02-08 01:57:55.852032+00:00,,,open,True,sample-org__data-widgets,36.432181119999996,False
1030,1030,mkim,2026-03-20 13:32:00+00:00,2026-03-21 14:47:08.201671+00:00,2026-03-23 00:12:53.817272+00:00,2026-03-23 00:12:53.817272+00:00,closed,False,sample-org__data-widgets,25.252278241944445,True
1031,1031,mkim,2026-05-06 13:32:00+00:00,2026-05-07 09:06:25.754361+00:00,2026-05-10 00:10:16.053167+00:00,2026-05-10 00:10:16.053167+00:00,closed,False,sample-org__data-widgets,19.573820655833334,True
1032,1032,mkim,2026-06-22 13:32:00+00:00,2026-06-23 14:19:21.836383+00:00,2026-06-25 15:22:23.361965+00:00,2026-06-25 15:22:23.361965+00:00,closed,False,sample-org__data-widgets,24.78939899527778,True
1033,1033,prestonjessica,2024-05-27 13:47:58+00:00,2024-05-30 03:01:28.498627+00:00,,,open,True,sample-org__data-widgets,61.2251385075,False
1034,1034,anthony39,2025-09-13 18:24:35+00:00,,2025-09-16 08:18:26.655346+00:00,2025-09-16 08:18:26.655346+00:00,closed,True,sample-org__data-widgets,,True
1035,1035,anthony39,2025-11-15 18:24:35+00:00,2025-11-15 22:30:36.883402+00:00,,,open,False,sample-org__data-widgets,4.100523167222222,False
1036,1036,keyemily,2024-09-04 14:41:28+00:00,,2024-09-06 02:27:39.691798+00:00,2024-09-06 02:27:39.691798+00:00,closed,True,sample-org__data-widgets,,True
1037,1037,barbara27,2024-10-08 13:53:00+00:00,,2024-10-10 19:01:12.419031+00:00,2024-10-10 19:01:12.419031+00:00,closed,True,sample-org__data-widgets,,True
1038,1038,barbara27,2024-11-03 13:53:00+00:00,2024-11-03 17:05:57.077687+00:00,2024-11-05 04:45:21.259486+00:00,2024-11-05 04:45:21.259486+00:00,closed,False,sample-org__data-widgets,3.215854913055556,True
1039,1039,barbara27,2025-01-04 13:53:00+00:00,2025-01-05 04:49:46.485644+00:00,2025-01-05 06:42:25.756083+00:00,2025-01-05 06:42:25.756083+00:00,closed,False,sample-org__data-widgets,14.946246012222222,True
1040,1040,barbara27,2025-03-22 13:53:00+00:00,2025-03-23 11:51:32.516370+00:00,2025-03-25 05:48:04.002846+00:00,2025-03-25 05:48:04.002846+00:00,closed,False,sample-org__data-widgets,21.975698991666665,True
1041,1041,barbara27,2025-06-12 13:53:00+00:00,2025-06-13 15:58:44.576967+00:00,2025-06-15 05:50:06.454924+00:00,2025-06-15 05:50:06.454924+00:00,closed,False,sample-org__data-widgets,26.095715824166668,True
1042,1042,lmoon,2024-08-31 18:40:35+00:00,2024-09-04 14:16:32.715994+00:00,2024-09-06 02:28:48.124296+00:00,2024-09-06 02:28:48.124296+00:00,closed,True,sample-org__data-widgets,91.5993655538889,True
1043,1043,fwalters,2024-12-31 01:26:06+00:00,2025-01-02 07:16:26.802181+00:00,,,open,True,sample-org__data-widgets,53.839111716944444,False
1044,1044,harrisonricky,2024-07-03 09:42:43+00:00,2024-07-05 04:35:25.519729+00:00,,,open,True,sample-org__data-widgets,42.8784777025,False
1045,1045,harrisonricky,2024-09-02 09:42:43+00:00,2024-09-02 13:23:55.053541+00:00,,,open,False,sample-org__data-widgets,3.6866815391666665,False
1046,1046,harrisonricky,2024-09-23 09:42:43+00:00,2024-09-24 15:43:53.530700+00:00,2024-09-27 13:07:00.101760+00:00,2024-09-27 13:07:00.101760+00:00,closed,False,sample-org__data-widgets,30.019591861111113,True
1047,1047,harrisonricky,2024-11-10 09:42:43+00:00,2024-11-11 20:34:41.858998+00:00,2024-11-13 05:58:08.604173+00:00,2024-11-13 05:58:08.604173+00:00,closed,False,sample-org__data-widgets,34.866349721666666,True
1048,1048,elizabeth25,2026-01-04 23:42:07+00:00,2026-01-05 09:14:00.544598+00:00,2026-01-05 17:09:05.447504+00:00,2026-01-05 17:09:05.447504+00:00,closed,True,sample-org__data-widgets,9.531540166111112,True
1049,1049,elizabeth25,2026-02-11 23:42:07+00:00,2026-02-13 09:45:04.961576+00:00,2026-02-15 19:32:42.651694+00:00,2026-02-15 19:32:42.651694+00:00,closed,False,sample-org__data-widgets,34.04943377111111,True
1050,1050,elizabeth25,2026-05-02 23:42:07+00:00,2026-05-03 19:53:45.213936+00:00,2026-05-05 22:44:40.965149+00:00,2026-05-05 22:44:40.965149+00:00,closed,False,sample-org__data-widgets,20.193948315555556,True
1051,1051,ssteele,2026-02-03 22:49:41+00:00,2026-02-06 06:03:23.881584+00:00,2026-02-06 20:22:19.974760+00:00,2026-02-06 20:22:19.974760+00:00,closed,True,sample-org__data-widgets,55.22857821777777,True
1052,1052,ssteele,2026-04-04 22:49:41+00:00,2026-04-06 13:13:52.426706+00:00,2026-04-09 00:46:28.465838+00:00,2026-04-09 00:46:28.465838+00:00,closed,False,sample-org__data-widgets,38.403174084999996,True
1053,1053,jcervantes,2024-06-16 09:47:53+00:00,2024-06-17 16:08:40.196515+00:00,,,open,True,sample-org__data-widgets,30.346443476388888,False
1054,1054,jcervantes,2024-08-22 09:47:53+00:00,2024-08-23 01:10:25.540912+00:00,2024-08-24 20:00:54.753098+00:00,2024-08-24 20:00:54.753098+00:00,closed,False,sample-org__data-widgets,15.375705808888888,True
1055,1055,jcervantes,2024-11-04 09:47:53+00:00,2024-11-05 17:29:17.047651+00:00,2024-11-05 21:56:11.950051+00:00,2024-11-05 21:56:11.950051+00:00,closed,False,sample-org__data-widgets,31.69001323638889,True
1056,1056,jcervantes,2025-01-08 09:47:53+00:00,2025-01-09 18:59:48.476960+00:00,2025-01-11 06:17:05.886840+00:00,2025-01-11 06:17:05.886840+00:00,closed,False,sample-org__data-widgets,33.1987436,True
1057,1057,gibsonleonard,2024-10-02 06:35:08+00:00,2024-10-03 07:03:56.570711+00:00,2024-10-05 03:06:11.264533+00:00,2024-10-05 03:06:11.264533+00:00,closed,True,sample-org__data-widgets,24.480158530833332,True
1058,1058,gibsonleonard,2024-11-22 06:35:08+00:00,2024-11-22 17:55:59.568596+00:00,2024-11-23 22:14:39.339059+00:00,2024-11-23 22:14:39.339059+00:00,closed,False,sample-org__data-widgets,11.347657943333333,True
1059,1059,darrell68,2025-01-20 15:00:46+00:00,2025-01-21 11:30:24.998796+00:00,,,open,True,sample-org__data-widgets,20.49416633222222,False
1060,1060,darrell68,2025-03-23 15:00:46+00:00,2025-03-26 01:12:02.836963+00:00,2025-03-28 17:08:16.097205+00:00,2025-03-28 17:08:16.097205+00:00,closed,False,sample-org__data-widgets,58.188010267500005,True
1061,1061,darrell68,2025-06-06 15:00:46+00:00,2025-06-07 03:57:24.292662+00:00,2025-06-09 07:29:59.378157+00:00,2025-06-09 07:29:59.378157+00:00,closed,False,sample-org__data-widgets,12.943970183888888,True
1062,1062,sandovalamy,2024-11-08 01:41:16+00:00,2024-11-10 20:44:26.036304+00:00,2024-11-12 22:29:23.883899+00:00,2024-11-12 22:29:23.883899+00:00,closed,True,sample-org__data-widgets,67.05278786222222,True
1063,1063,hbrown,2024-10-03 05:20:16+00:00,,,,open,True,sample-org__data-widgets,,False
1064,1064,cindy77,2025-10-10 12:42:19+00:00,2025-10-11 17:45:49.610602+00:00,2025-10-14 09:03:52.791856+00:00,2025-10-14 09:03:52.791856+00:00,closed,True,sample-org__data-widgets,29.058502945,True
1065,1065,cindy77,2025-12-13 12:42:19+00:00,2025-12-14 15:14:25.359716+00:00,,,open,False,sample-org__data-widgets,26.53509992111111,False
1066,1066,cindy77,2026-01-10 12:42:19+00:00,2026-01-10 15:40:17.856469+00:00,,,open,False,sample-org__data-widgets,2.9663490191666666,False
1067,1067,cindy77,2026-01-27 12:42:19+00:00,2026-01-28 16:26:24.399653+00:00,2026-01-29 13:47:23.333762+00:00,2026-01-29 13:47:23.333762+00:00,closed,False,sample-org__data-widgets,27.734833236944443,True
1068,1068,cindy77,2026-03-10 12:42:19+00:00,2026-03-12 08:27:39.875496+00:00,,,open,False,sample-org__data-widgets,43.755798748888886,False
1069,1069,harrisandrea,2025-04-03 11:38:16+00:00,2025-04-05 02:31:55.494647+00:00,2025-04-07 03:29:39.943703+00:00,2025-04-07 03:29:39.943703+00:00,closed,True,sample-org__data-widgets,38.89430406861111,True
1070,1070,harrisandrea,2025-06-23 11:38:16+00:00,2025-06-25 01:35:06.414030+00:00,2025-06-27 07:17:47.109319+00:00,2025-06-27 07:17:47.109319+00:00,closed,False,sample-org__data-widgets,37.94733723055556,True
1071,1071,harrisandrea,2025-09-12 11:38:16+00:00,2025-09-12 17:53:41.470247+00:00,2025-09-14 20:19:11.914126+00:00,2025-09-14 20:19:11.914126+00:00,closed,False,sample-org__data-widgets,6.257075068611112,True
1072,1072,samuel71,2025-08-25 01:05:04+00:00,2025-08-27 02:18:16.065454+00:00,2025-08-29 03:57:00.089278+00:00,2025-08-29 03:57:00.089278+00:00,closed,True,sample-org__data-widgets,49.22001818166667,True
1073,1073,dudleychelsea,2024-11-01 04:53:53+00:00,2024-11-02 21:27:12.073181+00:00,2024-11-04 22:55:19.675676+00:00,2024-11-04 22:55:19.675676+00:00,closed,True,sample-org__data-widgets,40.55529810583334,True
1074,1074,jennifercollins,2026-03-09 05:35:57+00:00,,,,open,True,sample-org__data-widgets,,False
1075,1075,tranchristopher,2024-07-21 01:13:54+00:00,2024-07-23 08:54:18.436987+00:00,2024-07-26 04:28:02.018527+00:00,2024-07-26 04:28:02.018527+00:00,closed,True,sample-org__data-widgets,55.67345471861111,True
1076,1076,murraydavid,2026-05-04 15:27:29+00:00,2026-05-07 14:26:22.793525+00:00,2026-05-08 14:00:27.555298+00:00,2026-05-08 14:00:27.555298+00:00,closed,True,sample-org__data-widgets,70.9816093125,True
1077,1077,tyronemoran,2026-03-19 17:36:33+00:00,2026-03-22 02:35:01.247267+00:00,2026-03-22 10:06:42.530854+00:00,2026-03-22 10:06:42.530854+00:00,closed,True,sample-org__data-widgets,56.97451312972222,True
1078,1078,robert77,2025-05-30 13:30:51+00:00,2025-06-01 07:49:54.906205+00:00,2025-06-04 04:18:13.701643+00:00,2025-06-04 04:18:13.701643+00:00,closed,True,sample-org__data-widgets,42.31775172361111,True
1079,1079,stephenthomas,2026-05-22 00:04:25+00:00,2026-05-24 13:32:16.895908+00:00,2026-05-25 22:10:49.444058+00:00,2026-05-25 22:10:49.444058+00:00,closed,True,sample-org__data-widgets,61.464415530000004,True
1080,1080,sandraromero,2025-01-13 18:32:07+00:00,,2025-01-16 13:03:59.329184+00:00,2025-01-16 13:03:59.329184+00:00,closed,True,sample-org__data-widgets,,True
1081,1081,sandraromero,2025-02-06 18:32:07+00:00,2025-02-07 00:26:26.707319+00:00,2025-02-09 18:08:44.170165+00:00,2025-02-09 18:08:44.170165+00:00,closed,False,sample-org__data-widgets,5.905474255277778,True
1082,1082,sandraromero,2025-04-04 18:32:07+00:00,2025-04-06 02:49:26.666485+00:00,2025-04-07 15:56:39.484056+00:00,2025-04-07 15:56:39.484056+00:00,closed,False,sample-org__data-widgets,32.28879624583333,True
1083,1083,sandraromero,2025-06-15 18:32:07+00:00,2025-06-17 21:23:44.953183+00:00,2025-06-19 10:52:56.438536+00:00,2025-06-19 10:52:56.438536+00:00,closed,False,sample-org__data-widgets,50.86054255083334,True
1084,1084,michellehill,2025-11-07 02:50:23+00:00,2025-11-08 23:22:52.143304+00:00,2025-11-09 11:17:51.813241+00:00,2025-11-09 11:17:51.813241+00:00,closed,True,sample-org__data-widgets,44.54142869555555,True
1085,1085,michellehill,2026-01-14 02:50:23+00:00,2026-01-14 21:58:41.210325+00:00,,,open,False,sample-org__data-widgets,19.138391756944444,False
1086,1086,michellehill,2026-02-15 02:50:23+00:00,2026-02-15 18:45:38.782275+00:00,2026-02-17 11:23:05.105154+00:00,2026-02-17 11:23:05.105154+00:00,closed,False,sample-org__data-widgets,15.921050631944444,True
1087,1087,michellehill,2026-05-09 02:50:23+00:00,2026-05-10 13:11:25.614303+00:00,2026-05-11 22:13:13.333956+00:00,2026-05-11 22:13:13.333956+00:00,closed,False,sample-org__data-widgets,34.35072619527778,True
1088,1088,michellehill,2026-07-09 02:50:23+00:00,,2026-07-09 05:32:20.331499+00:00,2026-07-09 05:32:20.331499+00:00,closed,False,sample-org__data-widgets,,True
1089,1089,michellehill,2026-08-03 02:50:23+00:00,,2026-08-05 10:00:46.528515+00:00,2026-08-05 10:00:46.528515+00:00,closed,False,sample-org__data-widgets,,True
1090,1090,ymorgan,2025-04-13 03:10:07+00:00,2025-04-14 01:23:39.525425+00:00,2025-04-15 05:28:28.835062+00:00,2025-04-15 05:28:28.835062+00:00,closed,True,sample-org__data-widgets,22.225701506944443,True
1091,1091,ymorgan,2025-04-26 03:10:07+00:00,2025-04-26 04:53:33.707680+00:00,,,open,False,sample-org__data-widgets,1.7240854666666667,False
1092,1092,lori44,2026-04-27 18:04:58+00:00,2026-04-29 05:06:21.426121+00:00,2026-04-30 03:16:04.668343+00:00,2026-04-30 03:16:04.668343+00:00,closed,True,sample-org__data-widgets,35.0231739225,True
1093,1093,cgrimes,2024-01-18 07:42:35+00:00,,,,open,True,sample-org__data-widgets,,False
1094,1094,jreed,2025-01-27 14:53:47+00:00,2025-01-28 10:23:48.986035+00:00,2025-01-30 20:10:22.095737+00:00,2025-01-30 20:10:22.095737+00:00,closed,True,sample-org__data-widgets,19.500551676388888,True
1095,1095,ugibson,2026-05-02 14:39:09+00:00,,,,open,True,sample-org__data-widgets,,False
1096,1096,tinaallen,2025-05-25 01:37:44+00:00,2025-05-26 15:14:19.522929+00:00,2025-05-28 08:23:34.616150+00:00,2025-05-28 08:23:34.616150+00:00,closed,True,sample-org__data-widgets,37.60986748027778,True
1097,1097,tinaallen,2025-07-20 01:37:44+00:00,2025-07-21 11:03:25.831685+00:00,2025-07-22 10:17:43.529641+00:00,2025-07-22 10:17:43.529641+00:00,closed,False,sample-org__data-widgets,33.42828657916667,True
1098,1098,xhall,2025-11-08 11:53:01+00:00,,2025-11-10 13:38:01.693969+00:00,2025-11-10 13:38:01.693969+00:00,closed,True,sample-org__data-widgets,,True
1099,1099,vwilliams,2025-12-20 00:14:17+00:00,,2025-12-20 07:33:29.475953+00:00,2025-12-20 07:33:29.475953+00:00,closed,True,sample-org__data-widgets,,True
1100,1100,vwilliams,2026-02-03 00:14:17+00:00,2026-02-04 04:57:22.796973+00:00,2026-02-04 15:53:47.223497+00:00,2026-02-04 15:53:47.223497+00:00,closed,False,sample-org__data-widgets,28.718276936944445,True
1101,1101,zthornton,2026-05-06 20:54:53+00:00,2026-05-07 23:23:03.791430+00:00,,,open,True,sample-org__data-widgets,26.46966428611111,False
1102,1102,zthornton,2026-07-05 20:54:53+00:00,2026-07-08 00:37:21.716780+00:00,2026-07-10 08:26:41.938794+00:00,2026-07-10 08:26:41.938794+00:00,closed,False,sample-org__data-widgets,51.70797688333333,True
1103,1103,zthornton,2026-08-21 20:54:53+00:00,2026-08-23 04:42:22.195310+00:00,,,open,False,sample-org__data-widgets,31.791443141666665,False
1104,1104,zthornton,2026-10-16 20:54:53+00:00,2026-10-18 06:06:05.261184+00:00,2026-10-20 06:09:05.883069+00:00,2026-10-20 06:09:05.883069+00:00,closed,False,sample-org__data-widgets,33.18673921777778,True
1105,1105,qhughes,2026-03-09 16:24:17+00:00,2026-03-11 07:45:48.476189+00:00,2026-03-11 19:08:36.954148+00:00,2026-03-11 19:08:36.954148+00:00,closed,True,sample-org__data-widgets,39.358743385833336,True
1106,1106,qhughes,2026-05-19 16:24:17+00:00,2026-05-20 19:13:28.806558+00:00,2026-05-20 23:05:40.114097+00:00,2026-05-20 23:05:40.114097+00:00,closed,False,sample-org__data-widgets,26.81994626611111,True
1107,1107,qhughes,2026-07-30 16:24:17+00:00,2026-07-31 13:44:58.479892+00:00,2026-08-02 14:13:08.959254+00:00,2026-08-02 14:13:08.959254+00:00,closed,False,sample-org__data-widgets,21.344855525555555,True
1108,1108,tylerjohnson,2025-07-15 04:25:37+00:00,2025-07-17 05:53:17.395430+00:00,2025-07-19 21:28:42.081855+00:00,2025-07-19 21:28:42.081855+00:00,closed,True,sample-org__data-widgets,49.46122095277778,True
1109,1109,molly71,2025-05-18 10:14:48+00:00,2025-05-21 20:37:34.681660+00:00,2025-05-24 02:18:06.802786+00:00,2025-05-24 02:18:06.802786+00:00,closed,True,sample-org__data-widgets,82.37963379444444,True
1110,1110,jsmith,2024-09-27 01:35:27+00:00,2024-09-29 23:17:34.726943+00:00,2024-10-01 18:01:05.434552+00:00,2024-10-01 18:01:05.434552+00:00,closed,True,sample-org__data-widgets,69.70214637305556,True
1111,1111,jpitts,2025-08-07 14:33:13+00:00,2025-08-09 14:02:50.360212+00:00,2025-08-11 23:19:33.605310+00:00,2025-08-11 23:19:33.605310+00:00,closed,True,sample-org__data-widgets,47.49371117,True
1112,1112,jpitts,2025-11-02 14:33:13+00:00,2025-11-03 08:44:00.802315+00:00,,,open,False,sample-org__data-widgets,18.179945087500002,False
1113,1113,jpitts,2025-11-29 14:33:13+00:00,2025-11-30 00:28:22.635751+00:00,2025-11-30 21:24:37.546085+00:00,2025-11-30 21:24:37.546085+00:00,closed,False,sample-org__data-widgets,9.919343264166667,True
1114,1114,jpitts,2025-12-28 14:33:13+00:00,2025-12-29 14:33:08.097399+00:00,2025-12-30 17:16:12.281940+00:00,2025-12-30 17:16:12.281940+00:00,closed,False,sample-org__data-widgets,23.99863816638889,True
1115,1115,jpitts,2026-01-22 14:33:13+00:00,2026-01-23 02:19:38.947957+00:00,2026-01-23 11:22:28.319054+00:00,2026-01-23 11:22:28.319054+00:00,closed,False,sample-org__data-widgets,11.7738744325,True
1116,1116,harrisontanya,2024-09-07 11:41:46+00:00,2024-09-07 19:45:20.304668+00:00,2024-09-08 05:50:07.740049+00:00,2024-09-08 05:50:07.740049+00:00,closed,True,sample-org__data-widgets,8.059529074444445,True
1117,1117,harrisontanya,2024-12-01 11:41:46+00:00,2024-12-02 18:53:45.648915+00:00,,,open,False,sample-org__data-widgets,31.19990247638889,False
1118,1118,harrisontanya,2025-02-22 11:41:46+00:00,2025-02-24 01:37:27.194342+00:00,,,open,False,sample-org__data-widgets,37.92810953944444,False
1119,1119,cindy61,2024-01-29 22:12:18+00:00,2024-02-01 09:21:06.030911+00:00,2024-02-03 05:24:54.050421+00:00,2024-02-03 05:24:54.050421+00:00,closed,True,sample-org__data-widgets,59.146675253055555,True
1120,1120,cindy61,2024-04-08 22:12:18+00:00,2024-04-09 01:28:17.818610+00:00,2024-04-09 14:34:54.688598+00:00,2024-04-09 14:34:54.688598+00:00,closed,False,sample-org__data-widgets,3.2666162805555556,True
1121,1121,cindy61,2024-06-09 22:12:18+00:00,,2024-06-10 12:37:07.589218+00:00,2024-06-10 12:37:07.589218+00:00,closed,False,sample-org__data-widgets,,True
1122,1122,cindy61,2024-08-23 22:12:18+00:00,2024-08-24 02:24:14.891105+00:00,2024-08-26 06:49:17.036694+00:00,2024-08-26 06:49:17.036694+00:00,closed,False,sample-org__data-widgets,4.199136418055556,True
1123,1123,cindy61,2024-10-15 22:12:18+00:00,2024-10-17 12:03:25.834470+00:00,,,open,False,sample-org__data-widgets,37.85217624166667,False
1124,1124,cindy61,2024-12-12 22:12:18+00:00,2024-12-13 08:43:53.349451+00:00,2024-12-13 17:26:23.870564+00:00,2024-12-13 17:26:23.870564+00:00,closed,False,sample-org__data-widgets,10.526485958611111,True
1125,1125,melissa86,2026-02-22 11:53:09+00:00,2026-02-22 23:07:54.146340+00:00,2026-02-24 18:43:06.552820+00:00,2026-02-24 18:43:06.552820+00:00,closed,True,sample-org__data-widgets,11.245873983333333,True
1126,1126,melissa86,2026-05-11 11:53:09+00:00,,2026-05-11 21:43:46.193521+00:00,2026-05-11 21:43:46.193521+00:00,closed,False,sample-org__data-widgets,,True
1127,1127,courtney78,2026-04-17 18:02:19+00:00,2026-04-20 00:59:08.831741+00:00,2026-04-21 04:16:57.308025+00:00,2026-04-21 04:16:57.308025+00:00,closed,True,sample-org__data-widgets,54.94717548361111,True
1128,1128,courtney78,2026-05-02 18:02:19+00:00,,2026-05-04 01:59:40.221200+00:00,2026-05-04 01:59:40.221200+00:00,closed,False,sample-org__data-widgets,,True
1129,1129,courtney78,2026-07-12 18:02:19+00:00,2026-07-13 17:39:14.214117+00:00,2026-07-15 23:17:34.531324+00:00,2026-07-15 23:17:34.531324+00:00,closed,False,sample-org__data-widgets,23.61533725472222,True
1130,1130,courtney78,2026-10-03 18:02:19+00:00,2026-10-03 23:47:33.995877+00:00,,,open,False,sample-org__data-widgets,5.754165521388889,False
1131,1131,williamsonjimmy,2025-02-04 11:39:58+00:00,2025-02-06 08:21:14.544043+00:00,,,open,True,sample-org__data-widgets,44.687928900833334,False
1132,1132,williamsonjimmy,2025-02-14 11:39:58+00:00,2025-02-16 05:31:50.494117+00:00,2025-02-16 21:06:55.512856+00:00,2025-02-16 21:06:55.512856+00:00,closed,False,sample-org__data-widgets,41.86458169916666,True
1133,1133,williamsonjimmy,2025-04-05 11:39:58+00:00,2025-04-06 01:40:51.844323+00:00,2025-04-07 20:14:32.463579+00:00,2025-04-07 20:14:32.463579+00:00,closed,False,sample-org__data-widgets,14.014956756388889,True
1134,1134,wendy16,2025-10-19 23:31:08+00:00,2025-10-21 11:57:04.576337+00:00,2025-10-22 17:10:13.856616+00:00,2025-10-22 17:10:13.856616+00:00,closed,True,sample-org__data-widgets,36.43238231583334,True
1135,1135,wendy16,2025-11-24 23:31:08+00:00,,2025-11-26 03:18:14.434846+00:00,2025-11-26 03:18:14.434846+00:00,closed,False,sample-org__data-widgets,,True
1136,1136,wendy16,2026-02-13 23:31:08+00:00,2026-02-15 09:07:58.923393+00:00,2026-02-18 08:19:01.635678+00:00,2026-02-18 08:19:01.635678+00:00,closed,False,sample-org__data-widgets,33.61414538694444,True
1137,1137,wendy16,2026-05-07 23:31:08+00:00,2026-05-08 06:24:50.970894+00:00,2026-05-10 20:07:08.695568+00:00,2026-05-10 20:07:08.695568+00:00,closed,False,sample-org__data-widgets,6.895269692777777,True
1138,1138,hodgesjane,2025-11-24 18:15:49+00:00,2025-11-27 08:40:59.739152+00:00,,,open,True,sample-org__data-widgets,62.41964976444444,False
1139,1139,hodgesjane,2026-02-07 18:15:49+00:00,2026-02-08 03:12:15.633694+00:00,2026-02-10 05:41:43.507364+00:00,2026-02-10 05:41:43.507364+00:00,closed,False,sample-org__data-widgets,8.940731581666666,True
1140,1140,hodgesjane,2026-02-23 18:15:49+00:00,2026-02-24 22:14:21.270631+00:00,2026-02-27 19:43:25.426882+00:00,2026-02-27 19:43:25.426882+00:00,closed,False,sample-org__data-widgets,27.975630730833334,True
1141,1141,hodgesjane,2026-03-05 18:15:49+00:00,2026-03-06 23:37:08.707206+00:00,2026-03-08 19:14:11.442120+00:00,2026-03-08 19:14:11.442120+00:00,closed,False,sample-org__data-widgets,29.35547422388889,True
1142,1142,hodgesjane,2026-03-26 18:15:49+00:00,,,,open,False,sample-org__data-widgets,,False
1143,1143,hodgesjane,2026-05-03 18:15:49+00:00,2026-05-04 00:06:45.706824+00:00,2026-05-06 19:11:28.790540+00:00,2026-05-06 19:11:28.790540+00:00,closed,False,sample-org__data-widgets,5.849085228888889,True
1144,1144,wallaceheather,2026-03-20 08:29:40+00:00,2026-03-22 15:20:49.698094+00:00,2026-03-22 20:25:37.249733+00:00,2026-03-22 20:25:37.249733+00:00,closed,True,sample-org__data-widgets,54.852693914999996,True
1145,1145,williamslaura,2025-11-12 22:03:51+00:00,2025-11-16 04:41:58.166179+00:00,2025-11-18 13:21:38.200411+00:00,2025-11-18 13:21:38.200411+00:00,closed,True,sample-org__data-widgets,78.63532393861111,True
1146,1146,williamslaura,2026-01-26 22:03:51+00:00,2026-01-27 20:01:51.228971+00:00,2026-01-28 13:28:46.329623+00:00,2026-01-28 13:28:46.329623+00:00,closed,False,sample-org__data-widgets,21.966730269722223,True
1147,1147,williamslaura,2026-02-26 22:03:51+00:00,2026-02-27 11:33:22.169822+00:00,2026-03-02 09:49:37.262104+00:00,2026-03-02 09:49:37.262104+00:00,closed,False,sample-org__data-widgets,13.491991617222224,True
1148,1148,michael62,2025-09-12 11:58:02+00:00,2025-09-12 20:59:53.452038+00:00,2025-09-14 10:45:28.486411+00:00,2025-09-14 10:45:28.486411+00:00,closed,True,sample-org__data-widgets,9.030958899444444,True
1149,1149,michael62,2025-09-30 11:58:02+00:00,2025-10-02 00:31:17.941417+00:00,2025-10-03 17:13:07.445809+00:00,2025-10-03 17:13:07.445809+00:00,closed,False,sample-org__data-widgets,36.554428171388885,True
1150,1150,michael62,2025-12-23 11:58:02+00:00,2025-12-23 22:45:16.598918+00:00,2025-12-26 20:08:52.926109+00:00,2025-12-26 20:08:52.926109+00:00,closed,False,sample-org__data-widgets,10.787388588333334,True
1151,1151,amandaknight,2024-09-28 21:46:11+00:00,2024-09-29 17:52:12.620800+00:00,2024-10-02 14:06:29.773699+00:00,2024-10-02 14:06:29.773699+00:00,closed,True,sample-org__data-widgets,20.100450222222225,True
1152,1152,georgemiller,2026-04-15 14:29:30+00:00,2026-04-17 03:01:37.334436+00:00,2026-04-20 00:37:01.108896+00:00,2026-04-20 00:37:01.108896+00:00,closed,True,sample-org__data-widgets,36.535370676666666,True
1153,1153,georgemiller,2026-07-06 14:29:30+00:00,2026-07-06 23:21:03.272800+00:00,2026-07-09 07:25:06.327381+00:00,2026-07-09 07:25:06.327381+00:00,closed,False,sample-org__data-widgets,8.859242444444444,True
1154,1154,georgemiller,2026-09-12 14:29:30+00:00,2026-09-13 11:38:29.842952+00:00,2026-09-16 01:50:42.993135+00:00,2026-09-16 01:50:42.993135+00:00,closed,False,sample-org__data-widgets,21.149956375555558,True
1155,1155,pharvey,2024-12-23 04:25:00+00:00,2024-12-24 18:24:30.535855+00:00,2024-12-25 14:06:22.716975+00:00,2024-12-25 14:06:22.716975+00:00,closed,True,sample-org__data-widgets,37.99181551527778,True
1156,1156,pharvey,2025-02-07 04:25:00+00:00,2025-02-07 09:42:34.783383+00:00,,,open,False,sample-org__data-widgets,5.292995384166667,False
1157,1157,pharvey,2025-04-01 04:25:00+00:00,2025-04-03 07:15:11.294292+00:00,2025-04-04 09:21:15.588233+00:00,2025-04-04 09:21:15.588233+00:00,closed,False,sample-org__data-widgets,50.83647063666667,True
1158,1158,jdurham,2025-07-07 01:39:45+00:00,2025-07-09 10:16:08.314541+00:00,,,open,True,sample-org__data-widgets,56.60647626138889,False
1159,1159,stevenking,2026-02-04 07:52:38+00:00,,2026-02-06 05:26:40.606567+00:00,2026-02-06 05:26:40.606567+00:00,closed,True,sample-org__data-widgets,,True
1160,1160,stevenking,2026-04-18 07:52:38+00:00,2026-04-18 11:09:19.595566+00:00,2026-04-21 02:42:19.936295+00:00,2026-04-21 02:42:19.936295+00:00,closed,False,sample-org__data-widgets,3.2782209905555555,True
1161,1161,elizabeth74,2026-02-01 10:32:59+00:00,2026-02-03 09:56:55.487302+00:00,2026-02-03 20:03:15.152160+00:00,2026-02-03 20:03:15.152160+00:00,closed,True,sample-org__data-widgets,47.399024250555556,True
1162,1162,elizabeth74,2026-04-19 10:32:59+00:00,2026-04-21 05:48:54.890666+00:00,2026-04-22 16:46:33.502248+00:00,2026-04-22 16:46:33.502248+00:00,closed,False,sample-org__data-widgets,43.265525185,True
1163,1163,elizabeth74,2026-07-07 10:32:59+00:00,2026-07-08 20:06:59.020313+00:00,2026-07-11 04:12:20.073474+00:00,2026-07-11 04:12:20.073474+00:00,closed,False,sample-org__data-widgets,33.56667230916667,True
1164,1164,charleslandry,2026-03-16 00:05:16+00:00,2026-03-17 10:46:46.554388+00:00,,,open,True,sample-org__data-widgets,34.69182066333333,False
1165,1165,charleslandry,2026-04-21 00:05:16+00:00,2026-04-21 15:03:56.266252+00:00,2026-04-24 05:15:23.087403+00:00,2026-04-24 05:15:23.087403+00:00,closed,False,sample-org__data-widgets,14.977851736666667,True
1166,1166,charleslandry,2026-05-24 00:05:16+00:00,2026-05-25 00:50:16.692462+00:00,2026-05-25 18:40:29.459843+00:00,2026-05-25 18:40:29.459843+00:00,closed,False,sample-org__data-widgets,24.750192350555558,True
1167,1167,charleslandry,2026-08-02 00:05:16+00:00,2026-08-03 09:22:29.375943+00:00,2026-08-04 16:28:29.176176+00:00,2026-08-04 16:28:29.176176+00:00,closed,False,sample-org__data-widgets,33.28704887305556,True
1168,1168,danielle64,2025-08-01 08:42:32+00:00,2025-08-02 08:48:14.318450+00:00,2025-08-04 02:22:26.642417+00:00,2025-08-04 02:22:26.642417+00:00,closed,True,sample-org__data-widgets,24.095088458333336,True
1169,1169,danielle64,2025-10-23 08:42:32+00:00,2025-10-23 17:56:24.268122+00:00,2025-10-26 04:01:49.053827+00:00,2025-10-26 04:01:49.053827+00:00,closed,False,sample-org__data-widgets,9.231185589444445,True
1170,1170,danielle64,2026-01-12 08:42:32+00:00,,2026-01-13 13:15:05.792498+00:00,2026-01-13 13:15:05.792498+00:00,closed,False,sample-org__data-widgets,,True
1171,1171,mbruce,2024-08-20 07:33:20+00:00,2024-08-21 10:06:27.352809+00:00,2024-08-23 07:53:02.000045+00:00,2024-08-23 07:53:02.000045+00:00,closed,True,sample-org__data-widgets,26.552042446944444,True
1172,1172,mbruce,2024-11-06 07:33:20+00:00,2024-11-07 03:54:36.340407+00:00,2024-11-09 12:40:07.439026+00:00,2024-11-09 12:40:07.439026+00:00,closed,False,sample-org__data-widgets,20.354539001944442,True
1173,1173,gcastaneda,2025-07-13 17:12:10+00:00,,,,open,True,sample-org__data-widgets,,False
1174,1174,patrickhoward,2025-11-25 06:45:44+00:00,2025-11-25 15:18:48.024746+00:00,2025-11-27 13:09:53.660634+00:00,2025-11-27 13:09:53.660634+00:00,closed,True,sample-org__data-widgets,8.551117985,True
1175,1175,patrickhoward,2025-12-23 06:45:44+00:00,2025-12-24 17:16:46.155575+00:00,2025-12-26 00:13:42.449868+00:00,2025-12-26 00:13:42.449868+00:00,closed,False,sample-org__data-widgets,34.5172654375,True
1176,1176,patrickhoward,2026-03-21 06:45:44+00:00,2026-03-21 10:57:35.061371+00:00,2026-03-24 00:13:54.098679+00:00,2026-03-24 00:13:54.098679+00:00,closed,False,sample-org__data-widgets,4.1975170475,True
1177,1177,victoria40,2025-07-18 03:45:59+00:00,2025-07-19 09:21:55.258649+00:00,2025-07-19 19:14:35.459832+00:00,2025-07-19 19:14:35.459832+00:00,closed,True,sample-org__data-widgets,29.598960735833334,True
1178,1178,victoria40,2025-08-27 03:45:59+00:00,2025-08-27 05:34:12.224796+00:00,2025-08-30 01:20:28.008220+00:00,2025-08-30 01:20:28.008220+00:00,closed,False,sample-org__data-widgets,1.8036735544444447,True
1179,1179,khill,2025-09-08 17:41:58+00:00,,2025-09-09 01:11:07.959756+00:00,2025-09-09 01:11:07.959756+00:00,closed,True,sample-org__data-widgets,,True
1180,1180,lozanojulie,2026-03-29 06:22:39+00:00,2026-03-29 23:54:07.819438+00:00,2026-04-01 13:59:18.089169+00:00,2026-04-01 13:59:18.089169+00:00,closed,True,sample-org__data-widgets,17.524672066111112,True
1181,1181,lozanojulie,2026-05-19 06:22:39+00:00,2026-05-20 13:26:54.315354+00:00,2026-05-23 08:49:23.910671+00:00,2026-05-23 08:49:23.910671+00:00,closed,False,sample-org__data-widgets,31.070920931666667,True
1182,1182,kimberly39,2026-04-17 18:05:52+00:00,2026-04-18 02:57:58.879946+00:00,2026-04-20 00:46:14.626733+00:00,2026-04-20 00:46:14.626733+00:00,closed,True,sample-org__data-widgets,8.868577762777779,True
1183,1183,jeffery39,2026-04-09 04:54:53+00:00,2026-04-10 02:27:40.491161+00:00,2026-04-11 05:25:54.708251+00:00,2026-04-11 05:25:54.708251+00:00,closed,True,sample-org__data-widgets,21.5465253225,True
1184,1184,jeffery39,2026-05-22 04:54:53+00:00,2026-05-23 13:48:19.516055+00:00,2026-05-23 15:33:17.583309+00:00,2026-05-23 15:33:17.583309+00:00,closed,False,sample-org__data-widgets,32.89069890416667,True
1185,1185,jeffery39,2026-08-06 04:54:53+00:00,2026-08-07 12:32:26.666509+00:00,2026-08-08 22:51:13.663869+00:00,2026-08-08 22:51:13.663869+00:00,closed,False,sample-org__data-widgets,31.626018474722223,True
1186,1186,jeffery39,2026-08-17 04:54:53+00:00,,2026-08-18 17:20:30.730792+00:00,2026-08-18 17:20:30.730792+00:00,closed,False,sample-org__data-widgets,,True
1187,1187,jeffery39,2026-10-27 04:54:53+00:00,2026-10-27 17:04:32.081815+00:00,2026-10-29 12:27:46.240884+00:00,2026-10-29 12:27:46.240884+00:00,closed,False,sample-org__data-widgets,12.16085605972222,True
1188,1188,erica21,2024-10-19 22:26:08+00:00,2024-10-22 20:59:00.951042+00:00,2024-10-24 02:00:39.582593+00:00,2024-10-24 02:00:39.582593+00:00,closed,True,sample-org__data-widgets,70.5480419561111,True
1189,1189,parkerscott,2025-08-28 09:56:11+00:00,2025-08-30 00:17:09.966950+00:00,2025-08-31 13:57:55.498761+00:00,2025-08-31 13:57:55.498761+00:00,closed,True,sample-org__data-widgets,38.34971304166667,True
1190,1190,jessica14,2025-02-26 07:51:58+00:00,2025-02-26 22:18:57.276186+00:00,2025-03-01 08:44:28.766896+00:00,2025-03-01 08:44:28.766896+00:00,closed,True,sample-org__data-widgets,14.449798940555556,True
1191,1191,julie23,2025-12-08 08:25:04+00:00,2025-12-08 23:41:57.067581+00:00,,,open,True,sample-org__data-widgets,15.28140766138889,False
1192,1192,julie23,2025-12-24 08:25:04+00:00,2025-12-24 20:21:31.480497+00:00,2025-12-24 22:55:48.134860+00:00,2025-12-24 22:55:48.134860+00:00,closed,False,sample-org__data-widgets,11.94096680472222,True
1193,1193,kristinwalter,2024-01-23 20:58:55+00:00,2024-01-24 04:07:51.124591+00:00,2024-01-27 03:59:10.581431+00:00,2024-01-27 03:59:10.581431+00:00,closed,True,sample-org__data-widgets,7.1489234975,True
1194,1194,alyssa42,2024-02-19 07:14:44+00:00,2024-02-20 14:10:04.396619+00:00,2024-02-23 10:44:04.613686+00:00,2024-02-23 10:44:04.613686+00:00,closed,True,sample-org__data-widgets,30.92233239416667,True
1195,1195,robin74,2025-01-21 17:59:22+00:00,,2025-01-22 09:37:52.376383+00:00,2025-01-22 09:37:52.376383+00:00,closed,True,sample-org__data-widgets,,True
1196,1196,linda71,2024-11-19 19:28:20+00:00,2024-11-22 22:26:11.499673+00:00,2024-11-23 21:35:46.653516+00:00,2024-11-23 21:35:46.653516+00:00,closed,True,sample-org__data-widgets,74.96430546472223,True
1197,1197,karenperez,2025-01-01 13:26:38+00:00,2025-01-02 04:34:55.703495+00:00,2025-01-02 14:04:38.139213+00:00,2025-01-02 14:04:38.139213+00:00,closed,True,sample-org__data-widgets,15.138250970833333,True
1198,1198,zcoffey,2024-08-28 18:31:06+00:00,2024-08-29 08:06:03.359577+00:00,2024-08-29 15:35:25.596346+00:00,2024-08-29 15:35:25.596346+00:00,closed,True,sample-org__data-widgets,13.5825998825,True
1199,1199,zcoffey,2024-11-25 18:31:06+00:00,,2024-11-26 00:16:55.377007+00:00,2024-11-26 00:16:55.377007+00:00,closed,False,sample-org__data-widgets,,True
1200,1200,christopher60,2026-04-13 04:42:04+00:00,2026-04-16 18:51:24.289964+00:00,2026-04-19 17:33:20.601686+00:00,2026-04-19 17:33:20.601686+00:00,closed,True,sample-org__data-widgets,86.15563610111111,True
1201,1201,christopher60,2026-06-06 04:42:04+00:00,2026-06-07 06:12:43.132625+00:00,2026-06-09 08:08:55.427586+00:00,2026-06-09 08:08:55.427586+00:00,closed,False,sample-org__data-widgets,25.51087017361111,True
1202,1202,amanda75,2025-01-24 10:37:59+00:00,2025-01-24 15:22:59.425417+00:00,2025-01-25 13:18:28.476267+00:00,2025-01-25 13:18:28.476267+00:00,closed,True,sample-org__data-widgets,4.7501181713888885,True
1203,1203,amanda75,2025-04-06 10:37:59+00:00,2025-04-07 10:11:41.533435+00:00,2025-04-09 15:11:43.589462+00:00,2025-04-09 15:11:43.589462+00:00,closed,False,sample-org__data-widgets,23.561814843055558,True
1204,1204,amanda75,2025-05-21 10:37:59+00:00,2025-05-22 15:35:32.225770+00:00,2025-05-24 11:05:54.819517+00:00,2025-05-24 11:05:54.819517+00:00,closed,False,sample-org__data-widgets,28.959229380555556,True
1205,1205,brenda51,2025-07-19 13:42:25+00:00,2025-07-20 22:42:44.487580+00:00,2025-07-22 03:13:27.146330+00:00,2025-07-22 03:13:27.146330+00:00,closed,True,sample-org__data-widgets,33.00541321666667,True
1206,1206,brenda51,2025-10-04 13:42:25+00:00,2025-10-04 22:46:26.780165+00:00,2025-10-07 06:08:28.414977+00:00,2025-10-07 06:08:28.414977+00:00,closed,False,sample-org__data-widgets,9.067161156944444,True
1207,1207,brenda51,2025-11-02 13:42:25+00:00,2025-11-02 23:40:08.735292+00:00,2025-11-03 08:30:43.367952+00:00,2025-11-03 08:30:43.367952+00:00,closed,False,sample-org__data-widgets,9.962148692222222,True
1208,1208,brenda51,2026-01-17 13:42:25+00:00,2026-01-18 01:04:29.352505+00:00,2026-01-18 05:10:58.821037+00:00,2026-01-18 05:10:58.821037+00:00,closed,False,sample-org__data-widgets,11.367875695833334,True
1209,1209,thomasharvey,2024-06-02 09:48:02+00:00,2024-06-05 02:54:30.140193+00:00,2024-06-07 00:12:36.995903+00:00,2024-06-07 00:12:36.995903+00:00,closed,True,sample-org__data-widgets,65.10781672027778,True
1210,1210,rose31,2025-12-28 02:30:34+00:00,2025-12-29 15:37:22.703406+00:00,2026-01-01 11:14:17.833434+00:00,2026-01-01 11:14:17.833434+00:00,closed,True,sample-org__data-widgets,37.113528723888884,True
1211,1211,rose31,2026-03-01 02:30:34+00:00,2026-03-02 10:10:22.713028+00:00,,,open,False,sample-org__data-widgets,31.663531396666666,False
1212,1212,tblankenship,2024-05-01 01:38:28+00:00,,,,open,True,sample-org__data-widgets,,False
1213,1213,tblankenship,2024-06-09 01:38:28+00:00,2024-06-09 12:06:37.686157+00:00,2024-06-10 06:46:21.516383+00:00,2024-06-10 06:46:21.516383+00:00,closed,False,sample-org__data-widgets,10.469357265833333,True
1214,1214,tblankenship,2024-09-07 01:38:28+00:00,2024-09-07 19:43:11.086930+00:00,2024-09-09 12:22:04.128421+00:00,2024-09-09 12:22:04.128421+00:00,closed,False,sample-org__data-widgets,18.078635258333332,True
1215,1215,tblankenship,2024-11-27 01:38:28+00:00,2024-11-27 15:32:23.119543+00:00,2024-11-28 17:57:18.555860+00:00,2024-11-28 17:57:18.555860+00:00,closed,False,sample-org__data-widgets,13.8986443175,True
1216,1216,tblankenship,2025-02-03 01:38:28+00:00,2025-02-04 01:14:23.630592+00:00,2025-02-05 08:33:43.998111+00:00,2025-02-05 08:33:43.998111+00:00,closed,False,sample-org__data-widgets,23.598786275555558,True
1217,1217,tblankenship,2025-02-26 01:38:28+00:00,2025-02-27 02:21:52.311266+00:00,2025-02-28 03:19:40.600982+00:00,2025-02-28 03:19:40.600982+00:00,closed,False,sample-org__data-widgets,24.723419796111113,True
1218,1218,cwilson,2025-11-19 04:41:26+00:00,2025-11-21 00:21:14.984060+00:00,2025-11-24 00:07:49.924363+00:00,2025-11-24 00:07:49.924363+00:00,closed,True,sample-org__data-widgets,43.66360668333333,True
1219,1219,cwilson,2026-01-15 04:41:26+00:00,2026-01-15 06:35:12.136647+00:00,2026-01-16 06:33:06.191811+00:00,2026-01-16 06:33:06.191811+00:00,closed,False,sample-org__data-widgets,1.896149068611111,True
1220,1220,cwilson,2026-02-24 04:41:26+00:00,2026-02-25 11:48:32.918295+00:00,2026-02-26 03:59:52.949868+00:00,2026-02-26 03:59:52.949868+00:00,closed,False,sample-org__data-widgets,31.118588415277777,True
1221,1221,cwilson,2026-05-15 04:41:26+00:00,2026-05-16 10:57:41.533088+00:00,2026-05-17 19:44:02.479156+00:00,2026-05-17 19:44:02.479156+00:00,closed,False,sample-org__data-widgets,30.27098141333333,True
1222,1222,cwilson,2026-07-14 04:41:26+00:00,2026-07-14 19:33:00.437317+00:00,,,open,False,sample-org__data-widgets,14.85956592138889,False
1223,1223,torrestravis,2024-01-26 07:47:57+00:00,,2024-01-27 01:03:11.241410+00:00,2024-01-27 01:03:11.241410+00:00,closed,True,sample-org__data-widgets,,True
1224,1224,youngamanda,2025-07-24 05:50:31+00:00,2025-07-25 03:05:35.048366+00:00,2025-07-26 01:24:52.349901+00:00,2025-07-26 01:24:52.349901+00:00,closed,True,sample-org__data-widgets,21.25112454611111,True
1225,1225,youngamanda,2025-10-15 05:50:31+00:00,,2025-10-17 10:42:58.182636+00:00,2025-10-17 10:42:58.182636+00:00,closed,False,sample-org__data-widgets,,True
1226,1226,qchavez,2025-06-03 10:56:58+00:00,2025-06-06 01:51:44.208682+00:00,2025-06-07 08:26:07.158427+00:00,2025-06-07 08:26:07.158427+00:00,closed,True,sample-org__data-widgets,62.912835745,True
1227,1227,umatthews,2024-12-18 04:38:50+00:00,2024-12-19 09:56:15.471390+00:00,2024-12-19 14:46:50.575095+00:00,2024-12-19 14:46:50.575095+00:00,closed,True,sample-org__data-widgets,29.290408719444446,True
1228,1228,umatthews,2025-03-05 04:38:50+00:00,,,,open,False,sample-org__data-widgets,,False
1229,1229,umatthews,2025-05-23 04:38:50+00:00,2025-05-23 12:23:48.439305+00:00,2025-05-24 00:16:25.715859+00:00,2025-05-24 00:16:25.715859+00:00,closed,False,sample-org__data-widgets,7.749566473611111,True
1230,1230,umatthews,2025-07-22 04:38:50+00:00,2025-07-22 19:21:14.200592+00:00,2025-07-25 01:48:20.156481+00:00,2025-07-25 01:48:20.156481+00:00,closed,False,sample-org__data-widgets,14.706722386666668,True
1231,1231,nicolepena,2024-12-10 23:57:08+00:00,,2024-12-12 11:14:16.449664+00:00,2024-12-12 11:14:16.449664+00:00,closed,True,sample-org__data-widgets,,True
1232,1232,rgilbert,2025-02-11 20:52:15+00:00,2025-02-13 21:05:17.892267+00:00,2025-02-16 05:01:47.597171+00:00,2025-02-16 05:01:47.597171+00:00,closed,True,sample-org__data-widgets,48.21747007416666,True
1233,1233,vaughnjeff,2026-01-17 02:05:25+00:00,2026-01-17 05:09:10.766839+00:00,2026-01-19 10:23:07.444799+00:00,2026-01-19 10:23:07.444799+00:00,closed,True,sample-org__data-widgets,3.0627130108333334,True
1234,1234,vaughnjeff,2026-02-27 02:05:25+00:00,2026-02-27 15:46:25.234273+00:00,2026-02-28 11:40:40.546654+00:00,2026-02-28 11:40:40.546654+00:00,closed,False,sample-org__data-widgets,13.683398409166667,True
1235,1235,xsampson,2025-06-27 06:22:20+00:00,,,,open,True,sample-org__data-widgets,,False
1236,1236,xsampson,2025-08-05 06:22:20+00:00,,2025-08-06 10:24:48.594006+00:00,2025-08-06 10:24:48.594006+00:00,closed,False,sample-org__data-widgets,,True
1237,1237,pollardmichael,2024-01-22 08:00:51+00:00,2024-01-22 13:02:28.390599+00:00,2024-01-23 13:36:16.079992+00:00,2024-01-23 13:36:16.079992+00:00,closed,True,sample-org__data-widgets,5.027052944166666,True
1238,1238,bruce43,2024-04-03 09:03:54+00:00,2024-04-06 04:41:02.661299+00:00,2024-04-08 01:33:34.458145+00:00,2024-04-08 01:33:34.458145+00:00,closed,True,sample-org__data-widgets,67.61907258305556,True
1239,1239,rushmadison,2024-01-13 22:43:14+00:00,2024-01-16 14:17:28.948429+00:00,2024-01-17 16:52:00.961206+00:00,2024-01-17 16:52:00.961206+00:00,closed,True,sample-org__data-widgets,63.57081900805556,True
1240,1240,batesdarlene,2026-02-16 17:36:55+00:00,2026-02-18 14:32:40.434592+00:00,2026-02-18 18:22:01.148864+00:00,2026-02-18 18:22:01.148864+00:00,closed,True,sample-org__data-widgets,44.929287386666665,True
1241,1241,batesdarlene,2026-05-04 17:36:55+00:00,2026-05-05 07:43:36.796399+00:00,2026-05-05 10:01:52.737202+00:00,2026-05-05 10:01:52.737202+00:00,closed,False,sample-org__data-widgets,14.111610110833332,True
1242,1242,batesdarlene,2026-06-28 17:36:55+00:00,2026-06-30 05:59:39.512358+00:00,2026-07-01 04:27:34.092044+00:00,2026-07-01 04:27:34.092044+00:00,closed,False,sample-org__data-widgets,36.37903121055556,True
1243,1243,williamsmatthew,2026-05-12 01:38:18+00:00,2026-05-14 00:36:30.959031+00:00,2026-05-14 11:21:14.787838+00:00,2026-05-14 11:21:14.787838+00:00,closed,True,sample-org__data-widgets,46.970266397500005,True
1244,1244,kristinharris,2024-12-19 07:07:46+00:00,2024-12-20 07:30:40.035444+00:00,2024-12-21 06:41:25.070035+00:00,2024-12-21 06:41:25.070035+00:00,closed,True,sample-org__data-widgets,24.38167651222222,True
1245,1245,kristinharris,2025-03-16 07:07:46+00:00,2025-03-16 18:10:10.759052+00:00,2025-03-17 05:00:30.919302+00:00,2025-03-17 05:00:30.919302+00:00,closed,False,sample-org__data-widgets,11.040210847777779,True
1246,1246,kristinharris,2025-06-03 07:07:46+00:00,2025-06-04 19:36:07.807700+00:00,2025-06-05 10:57:58.303328+00:00,2025-06-05 10:57:58.303328+00:00,closed,False,sample-org__data-widgets,36.47272436111111,True
1247,1247,brendali,2024-07-02 21:47:53+00:00,2024-07-04 23:01:44.040266+00:00,,,open,True,sample-org__data-widgets,49.230844518333335,False
1248,1248,markhernandez,2025-10-05 04:32:08+00:00,2025-10-08 06:19:16.071412+00:00,2025-10-10 17:39:42.212055+00:00,2025-10-10 17:39:42.212055+00:00,closed,True,sample-org__data-widgets,73.78557539222221,True
1249,1249,markhernandez,2025-11-19 04:32:08+00:00,2025-11-20 06:07:40.299253+00:00,,,open,False,sample-org__data-widgets,25.592305348055557,False
1000,1000,emurphy,2026-05-25 13:12:12+00:00,2026-05-26 01:13:40.483678+00:00,2026-05-26 07:59:41.045389+00:00,2026-05-26 07:59:41.045389+00:00,closed,True,sample-org__open-tracker,12.024578799444443,True
1001,1001,michael86,2026-04-27 12:36:10+00:00,2026-04-28 03:09:05.153486+00:00,2026-04-29 01:16:09.251023+00:00,2026-04-29 01:16:09.251023+00:00,closed,True,sample-org__open-tracker,14.548653746111112,True
1002,1002,michael86,2026-05-16 12:36:10+00:00,2026-05-18 21:01:19.002286+00:00,2026-05-19 09:14:44.364543+00:00,2026-05-19 09:14:44.364543+00:00,closed,False,sample-org__open-tracker,56.41916730166667,True
1003,1003,michael86,2026-07-18 12:36:10+00:00,2026-07-18 22:31:08.665828+00:00,2026-07-19 21:42:44.752636+00:00,2026-07-19 21:42:44.752636+00:00,closed,False,sample-org__open-tracker,9.916296063333332,True
1004,1004,michael86,2026-09-06 12:36:10+00:00,2026-09-07 09:36:13.898848+00:00,2026-09-09 23:43:08.593535+00:00,2026-09-09 23:43:08.593535+00:00,closed,False,sample-org__open-tracker,21.001083013333332,True
1005,1005,michael86,2026-11-06 12:36:10+00:00,2026-11-07 18:25:54.695109+00:00,2026-11-08 18:05:20.715674+00:00,2026-11-08 18:05:20.715674+00:00,closed,False,sample-org__open-tracker,29.82908197472222,True
1006,1006,sheila14,2025-01-20 16:11:12+00:00,2025-01-22 15:48:02.413360+00:00,2025-01-25 11:05:49.305770+00:00,2025-01-25 11:05:49.305770+00:00,closed,True,sample-org__open-tracker,47.61400371111111,True
1007,1007,sheila14,2025-03-11 16:11:12+00:00,2025-03-12 15:26:55.122226+00:00,2025-03-14 01:35:33.066320+00:00,2025-03-14 01:35:33.066320+00:00,closed,False,sample-org__open-tracker,23.261978396111115,True
1008,1008,sheila14,2025-04-29 16:11:12+00:00,2025-04-30 20:24:01.651335+00:00,2025-05-01 03:47:38.200028+00:00,2025-05-01 03:47:38.200028+00:00,closed,False,sample-org__open-tracker,28.2137920375,True
1009,1009,sheila14,2025-06-28 16:11:12+00:00,,2025-06-29 18:44:31.984712+00:00,2025-06-29 18:44:31.984712+00:00,closed,False,sample-org__open-tracker,,True
1010,1010,sheila14,2025-07-14 16:11:12+00:00,2025-07-15 10:50:54.595266+00:00,2025-07-17 06:16:20.393136+00:00,2025-07-17 06:16:20.393136+00:00,closed,False,sample-org__open-tracker,18.661832018333335,True
1011,1011,beverlyterrell,2025-07-22 05:10:43+00:00,2025-07-23 13:15:13.433874+00:00,2025-07-25 05:31:57.213918+00:00,2025-07-25 05:31:57.213918+00:00,closed,True,sample-org__open-tracker,32.07512052055555,True
1012,1012,beverlyterrell,2025-08-10 05:10:43+00:00,2025-08-10 10:54:51.151174+00:00,2025-08-11 19:53:21.730866+00:00,2025-08-11 19:53:21.730866+00:00,closed,False,sample-org__open-tracker,5.735597548333333,True
1013,1013,beverlyterrell,2025-10-29 05:10:43+00:00,2025-10-29 16:48:25.994405+00:00,2025-10-30 02:14:34.091046+00:00,2025-10-30 02:14:34.091046+00:00,closed,False,sample-org__open-tracker,11.628609556944443,True
1014,1014,rodriguezryan,2024-03-01 10:49:04+00:00,2024-03-05 18:39:44.133773+00:00,2024-03-07 05:17:53.138614+00:00,2024-03-07 05:17:53.138614+00:00,closed,True,sample-org__open-tracker,103.8444816036111,True
1015,1015,samuel81,2026-05-24 11:20:15+00:00,2026-05-25 03:11:09.325872+00:00,2026-05-26 21:37:43.593329+00:00,2026-05-26 21:37:43.593329+00:00,closed,True,sample-org__open-tracker,15.848423853333333,True
1016,1016,samuel81,2026-08-22 11:20:15+00:00,2026-08-24 09:35:14.744796+00:00,,,open,False,sample-org__open-tracker,46.249929110000004,False
1017,1017,samuel81,2026-10-31 11:20:15+00:00,2026-11-01 05:12:13.496315+00:00,2026-11-02 23:16:31.535632+00:00,2026-11-02 23:16:31.535632+00:00,closed,False,sample-org__open-tracker,17.86624897638889,True
1018,1018,samuel81,2026-12-09 11:20:15+00:00,2026-12-11 05:08:04.553416+00:00,2026-12-12 23:33:53.103029+00:00,2026-12-12 23:33:53.103029+00:00,closed,False,sample-org__open-tracker,41.79709817111112,True
1019,1019,mlam,2025-08-13 14:31:23+00:00,2025-08-15 19:09:10.912522+00:00,2025-08-16 03:57:20.207775+00:00,2025-08-16 03:57:20.207775+00:00,closed,True,sample-org__open-tracker,52.629975700555555,True
1020,1020,bradley60,2025-10-12 13:15:40+00:00,2025-10-15 01:30:37.454230+00:00,2025-10-16 07:38:49.920053+00:00,2025-10-16 07:38:49.920053+00:00,closed,True,sample-org__open-tracker,60.249292841666666,True
1021,1021,michaeljones,2024-04-06 18:00:52+00:00,2024-04-07 15:43:16.352032+00:00,2024-04-08 19:28:32.764825+00:00,2024-04-08 19:28:32.764825+00:00,closed,True,sample-org__open-tracker,21.70676445333333,True
1022,1022,michaeljones,2024-05-08 18:00:52+00:00,2024-05-08 20:34:13.579184+00:00,2024-05-10 11:25:20.856889+00:00,2024-05-10 11:25:20.856889+00:00,closed,False,sample-org__open-tracker,2.5559942177777777,True
1023,1023,michaeljones,2024-07-26 18:00:52+00:00,2024-07-26 22:17:50.526832+00:00,2024-07-28 20:58:20.332792+00:00,2024-07-28 20:58:20.332792+00:00,closed,False,sample-org__open-tracker,4.28292412,True
1024,1024,michaeljones,2024-09-07 18:00:52+00:00,2024-09-09 10:27:55.098741+00:00,2024-09-10 01:06:57.820372+00:00,2024-09-10 01:06:57.820372+00:00,closed,False,sample-org__open-tracker,40.45086076138889,True
1025,1025,michaeljones,2024-10-18 18:00:52+00:00,2024-10-19 11:43:30.544455+00:00,2024-10-22 10:27:56.276234+00:00,2024-10-22 10:27:56.276234+00:00,closed,False,sample-org__open-tracker,17.710706793055557,True
1026,1026,michaeljones,2024-12-03 18:00:52+00:00,2024-12-05 02:26:10.183526+00:00,2024-12-07 04:26:35.504922+00:00,2024-12-07 04:26:35.504922+00:00,closed,False,sample-org__open-tracker,32.42171764611111,True
1027,1027,cindy14,2024-08-15 13:01:32+00:00,2024-08-16 13:50:53.997421+00:00,2024-08-17 09:03:21.077552+00:00,2024-08-17 09:03:21.077552+00:00,closed,True,sample-org__open-tracker,24.822777061388887,True
1028,1028,cindy14,2024-10-25 13:01:32+00:00,2024-10-26 20:58:57.513901+00:00,2024-10-29 08:46:01.969318+00:00,2024-10-29 08:46:01.969318+00:00,closed,False,sample-org__open-tracker,31.95708719472222,True
1029,1029,elizabeth56,2025-02-25 22:46:56+00:00,2025-02-28 03:16:24.669340+00:00,2025-03-02 03:49:54.230767+00:00,2025-03-02 03:49:54.230767+00:00,closed,True,sample-org__open-tracker,52.49129703888889,True
1030,1030,angela36,2026-01-03 20:29:39+00:00,2026-01-06 04:45:07.733033+00:00,2026-01-06 06:07:12.110735+00:00,2026-01-06 06:07:12.110735+00:00,closed,True,sample-org__open-tracker,56.257981398055556,True
1031,1031,lbyrd,2024-09-02 08:28:12+00:00,,2024-09-05 06:24:28.428341+00:00,2024-09-05 06:24:28.428341+00:00,closed,True,sample-org__open-tracker,,True
1032,1032,lbyrd,2024-10-23 08:28:12+00:00,2024-10-24 23:50:09.052456+00:00,2024-10-25 05:02:11.009499+00:00,2024-10-25 05:02:11.009499+00:00,closed,False,sample-org__open-tracker,39.36584790444444,True
1033,1033,lbyrd,2024-11-13 08:28:12+00:00,2024-11-13 22:11:18.365643+00:00,2024-11-16 11:33:43.506406+00:00,2024-11-16 11:33:43.506406+00:00,closed,False,sample-org__open-tracker,13.718434900833332,True
1034,1034,richard04,2024-09-28 22:53:16+00:00,2024-09-29 14:01:53.318949+00:00,2024-09-29 17:36:41.784408+00:00,2024-09-29 17:36:41.784408+00:00,closed,True,sample-org__open-tracker,15.143699708055555,True
1035,1035,richard04,2024-11-27 22:53:16+00:00,2024-11-28 21:09:48.518507+00:00,2024-12-01 12:05:46.017650+00:00,2024-12-01 12:05:46.017650+00:00,closed,False,sample-org__open-tracker,22.275699585277778,True
1036,1036,richard04,2025-01-13 22:53:16+00:00,2025-01-14 09:31:41.612863+00:00,2025-01-14 11:11:10.301127+00:00,2025-01-14 11:11:10.301127+00:00,closed,False,sample-org__open-tracker,10.6404480175,True
1037,1037,richard04,2025-04-05 22:53:16+00:00,,2025-04-07 08:38:47.624377+00:00,2025-04-07 08:38:47.624377+00:00,closed,False,sample-org__open-tracker,,True
1038,1038,richard04,2025-06-23 22:53:16+00:00,,2025-06-26 15:31:30.846740+00:00,2025-06-26 15:31:30.846740+00:00,closed,False,sample-org__open-tracker,,True
1039,1039,jason99,2025-12-28 01:04:44+00:00,2025-12-29 00:34:32.940414+00:00,2025-12-30 23:36:14.672988+00:00,2025-12-30 23:36:14.672988+00:00,closed,True,sample-org__open-tracker,23.496927892777776,True
1040,1040,steven73,2025-10-26 09:55:58+00:00,2025-10-29 12:56:31.791900+00:00,,,open,True,sample-org__open-tracker,75.0093866388889,False
1041,1041,yleon,2025-08-18 20:41:23+00:00,2025-08-20 06:29:31.493013+00:00,2025-08-20 08:18:14.466673+00:00,2025-08-20 08:18:14.466673+00:00,closed,True,sample-org__open-tracker,33.802359170277775,True
1042,1042,yleon,2025-10-13 20:41:23+00:00,2025-10-15 17:41:54.739098+00:00,2025-10-15 23:06:33.718306+00:00,2025-10-15 23:06:33.718306+00:00,closed,False,sample-org__open-tracker,45.00881641611111,True
1043,1043,donnacampbell,2024-09-05 02:40:29+00:00,2024-09-05 08:11:50.734493+00:00,2024-09-05 17:32:02.199131+00:00,2024-09-05 17:32:02.199131+00:00,closed,True,sample-org__open-tracker,5.522704025833334,True
1044,1044,donnacampbell,2024-10-22 02:40:29+00:00,2024-10-23 08:35:58.107805+00:00,2024-10-24 01:16:47.173541+00:00,2024-10-24 01:16:47.173541+00:00,closed,False,sample-org__open-tracker,29.92475216805556,True
1045,1045,donnacampbell,2024-11-18 02:40:29+00:00,2024-11-18 06:18:12.476357+00:00,2024-11-19 09:49:50.985969+00:00,2024-11-19 09:49:50.985969+00:00,closed,False,sample-org__open-tracker,3.6287434325,True
1046,1046,donnacampbell,2025-02-06 02:40:29+00:00,2025-02-07 00:55:59.436454+00:00,2025-02-09 07:42:18.230211+00:00,2025-02-09 07:42:18.230211+00:00,closed,False,sample-org__open-tracker,22.258454570555553,True
1047,1047,clarence34,2024-05-07 04:20:46+00:00,,,,open,True,sample-org__open-tracker,,False
1048,1048,clarence34,2024-07-26 04:20:46+00:00,2024-07-26 21:24:44.081106+00:00,2024-07-27 12:45:55.353810+00:00,2024-07-27 12:45:55.353810+00:00,closed,False,sample-org__open-tracker,17.066133640555556,True
1049,1049,clarence34,2024-10-12 04:20:46+00:00,2024-10-13 08:13:08.871106+00:00,2024-10-13 17:28:19.820776+00:00,2024-10-13 17:28:19.820776+00:00,closed,False,sample-org__open-tracker,27.873019751666668,True
1050,1050,clarence34,2024-11-17 04:20:46+00:00,2024-11-18 11:09:40.622375+00:00,2024-11-19 22:52:05.050697+00:00,2024-11-19 22:52:05.050697+00:00,closed,False,sample-org__open-tracker,30.815172881944445,True
1051,1051,clarence34,2025-01-31 04:20:46+00:00,2025-01-31 19:33:56.115191+00:00,,,open,False,sample-org__open-tracker,15.219476441944444,False
1052,1052,lindsayhernandez,2024-03-30 16:34:59+00:00,2024-04-01 01:25:27.406192+00:00,2024-04-01 03:58:11.935230+00:00,2024-04-01 03:58:11.935230+00:00,closed,True,sample-org__open-tracker,32.84122394222222,True
1053,1053,lindsayhernandez,2024-05-11 16:34:59+00:00,2024-05-12 22:39:01.369788+00:00,2024-05-13 02:51:57.443365+00:00,2024-05-13 02:51:57.443365+00:00,closed,False,sample-org__open-tracker,30.06732494111111,True
1054,1054,lindsayhernandez,2024-07-04 16:34:59+00:00,,2024-07-06 08:30:20.391643+00:00,2024-07-06 08:30:20.391643+00:00,closed,False,sample-org__open-tracker,,True
1055,1055,lindsayhernandez,2024-07-21 16:34:59+00:00,2024-07-22 17:47:00.655530+00:00,2024-07-22 21:02:12.088563+00:00,2024-07-22 21:02:12.088563+00:00,closed,False,sample-org__open-tracker,25.200459869444444,True
1056,1056,sanchezthomas,2025-08-09 10:05:02+00:00,2025-08-10 12:18:22.139565+00:00,2025-08-12 03:35:47.287023+00:00,2025-08-12 03:35:47.287023+00:00,closed,True,sample-org__open-tracker,26.22226099027778,True
1057,1057,sanchezthomas,2025-10-02 10:05:02+00:00,2025-10-04 16:43:49.438662+00:00,2025-10-05 02:46:19.354182+00:00,2025-10-05 02:46:19.354182+00:00,closed,False,sample-org__open-tracker,54.646510739444444,True
1058,1058,sanchezthomas,2025-11-09 10:05:02+00:00,2025-11-11 14:03:49.175426+00:00,2025-11-13 20:45:08.633864+00:00,2025-11-13 20:45:08.633864+00:00,closed,False,sample-org__open-tracker,51.979770951666666,True
1059,1059,sanchezthomas,2025-12-27 10:05:02+00:00,,2025-12-28 14:30:45.065229+00:00,2025-12-28 14:30:45.065229+00:00,closed,False,sample-org__open-tracker,,True
1060,1060,gibsonolivia,2025-10-13 06:25:20+00:00,2025-10-14 21:35:59.361645+00:00,2025-10-15 15:41:13.666428+00:00,2025-10-15 15:41:13.666428+00:00,closed,True,sample-org__open-tracker,39.17760045694445,True
1061,1061,gibsonolivia,2025-10-31 06:25:20+00:00,2025-11-01 05:34:50.822257+00:00,2025-11-03 08:30:50.792068+00:00,2025-11-03 08:30:50.792068+00:00,closed,False,sample-org__open-tracker,23.158561738055557,True
1062,1062,gibsonolivia,2025-11-16 06:25:20+00:00,2025-11-17 04:44:39.672932+00:00,2025-11-17 08:53:06.581134+00:00,2025-11-17 08:53:06.581134+00:00,closed,False,sample-org__open-tracker,22.32213137,True
1063,1063,gibsonolivia,2026-01-21 06:25:20+00:00,2026-01-22 03:27:13.236789+00:00,2026-01-22 08:27:40.332141+00:00,2026-01-22 08:27:40.332141+00:00,closed,False,sample-org__open-tracker,21.03145466361111,True
1064,1064,gibsonolivia,2026-04-05 06:25:20+00:00,2026-04-06 12:52:14.575274+00:00,2026-04-07 06:29:46.259055+00:00,2026-04-07 06:29:46.259055+00:00,closed,False,sample-org__open-tracker,30.448493131666666,True
1065,1065,gibsonolivia,2026-06-27 06:25:20+00:00,2026-06-27 17:55:38.330162+00:00,2026-06-28 17:41:40.333656+00:00,2026-06-28 17:41:40.333656+00:00,closed,False,sample-org__open-tracker,11.505091711666665,True
1066,1066,jennifercruz,2026-03-20 17:38:52+00:00,2026-03-23 06:16:53.048300+00:00,2026-03-23 11:36:33.820344+00:00,2026-03-23 11:36:33.820344+00:00,closed,True,sample-org__open-tracker,60.633624527777776,True
1067,1067,psanchez,2024-09-29 01:26:18+00:00,2024-09-29 12:53:36.094442+00:00,2024-10-01 13:33:31.243767+00:00,2024-10-01 13:33:31.243767+00:00,closed,True,sample-org__open-tracker,11.455026233888889,True
1068,1068,psanchez,2024-12-15 01:26:18+00:00,2024-12-15 10:10:17.792393+00:00,2024-12-16 16:43:50.368696+00:00,2024-12-16 16:43:50.368696+00:00,closed,False,sample-org__open-tracker,8.733275664722223,True
1069,1069,psanchez,2025-01-13 01:26:18+00:00,2025-01-13 18:29:23.304901+00:00,2025-01-14 12:35:54.774012+00:00,2025-01-14 12:35:54.774012+00:00,closed,False,sample-org__open-tracker,17.051473583611113,True
1070,1070,psanchez,2025-02-20 01:26:18+00:00,2025-02-21 06:32:04.719453+00:00,2025-02-23 09:46:21.348891+00:00,2025-02-23 09:46:21.348891+00:00,closed,False,sample-org__open-tracker,29.096310959166665,True
1071,1071,psanchez,2025-04-30 01:26:18+00:00,2025-05-01 14:01:16.465093+00:00,2025-05-03 06:35:18.960489+00:00,2025-05-03 06:35:18.960489+00:00,closed,False,sample-org__open-tracker,36.58290697027778,True
1072,1072,psanchez,2025-05-27 01:26:18+00:00,2025-05-27 11:35:41.259491+00:00,2025-05-28 06:41:58.146508+00:00,2025-05-28 06:41:58.146508+00:00,closed,False,sample-org__open-tracker,10.156460969722222,True
1073,1073,staffordmichelle,2025-11-29 17:16:05+00:00,2025-12-01 05:34:46.531670+00:00,2025-12-03 06:24:37.074584+00:00,2025-12-03 06:24:37.074584+00:00,closed,True,sample-org__open-tracker,36.311536575,True
1074,1074,staffordmichelle,2026-02-24 17:16:05+00:00,2026-02-25 07:51:12.025394+00:00,,,open,False,sample-org__open-tracker,14.585284831666666,False
1075,1075,osbornejeffery,2024-11-13 16:48:09+00:00,2024-11-14 08:04:32.414465+00:00,2024-11-15 18:10:46.032257+00:00,2024-11-15 18:10:46.032257+00:00,closed,True,sample-org__open-tracker,15.273170684722222,True
1076,1076,pwilliams,2025-07-29 20:52:52+00:00,2025-07-31 14:03:51.951492+00:00,,,open,True,sample-org__open-tracker,41.183319858888886,False
1077,1077,bryantlaurie,2024-01-26 04:43:18+00:00,2024-01-27 06:46:13.370836+00:00,2024-01-28 07:11:26.937932+00:00,2024-01-28 07:11:26.937932+00:00,closed,True,sample-org__open-tracker,26.04871412111111,True
1078,1078,bryantlaurie,2024-03-24 04:43:18+00:00,2024-03-26 11:41:20.919854+00:00,2024-03-27 06:08:09.512040+00:00,2024-03-27 06:08:09.512040+00:00,closed,False,sample-org__open-tracker,54.967477737222225,True
1079,1079,bryantlaurie,2024-06-12 04:43:18+00:00,2024-06-12 11:51:45.221852+00:00,2024-06-14 23:11:44.121637+00:00,2024-06-14 23:11:44.121637+00:00,closed,False,sample-org__open-tracker,7.140894958888889,True
1080,1080,stephanie79,2025-07-01 02:04:45+00:00,,2025-07-02 14:14:58.651713+00:00,2025-07-02 14:14:58.651713+00:00,closed,True,sample-org__open-tracker,,True
1081,1081,jrivas,2024-04-01 05:41:22+00:00,,2024-04-01 10:38:02.279157+00:00,2024-04-01 10:38:02.279157+00:00,closed,True,sample-org__open-tracker,,True
1082,1082,vmerritt,2024-12-25 12:27:44+00:00,2024-12-26 11:18:00.329274+00:00,2024-12-27 03:49:45.077553+00:00,2024-12-27 03:49:45.077553+00:00,closed,True,sample-org__open-tracker,22.837869242777778,True
1083,1083,wcole,2025-03-02 19:04:37+00:00,2025-03-03 05:02:34.818407+00:00,2025-03-06 00:45:45.183317+00:00,2025-03-06 00:45:45.183317+00:00,closed,True,sample-org__open-tracker,9.96606066861111,True
1084,1084,wcole,2025-04-03 19:04:37+00:00,2025-04-04 12:19:53.336266+00:00,,,open,False,sample-org__open-tracker,17.254537851666665,False
1085,1085,wcole,2025-04-25 19:04:37+00:00,2025-04-26 04:04:07.447267+00:00,2025-04-26 22:59:25.538245+00:00,2025-04-26 22:59:25.538245+00:00,closed,False,sample-org__open-tracker,8.9917909075,True
1086,1086,wcole,2025-06-19 19:04:37+00:00,2025-06-20 13:22:37.074325+00:00,2025-06-21 18:33:23.799916+00:00,2025-06-21 18:33:23.799916+00:00,closed,False,sample-org__open-tracker,18.30002064583333,True
1087,1087,maryramirez,2025-12-14 00:40:34+00:00,,2025-12-16 14:22:28.831279+00:00,2025-12-16 14:22:28.831279+00:00,closed,True,sample-org__open-tracker,,True
1088,1088,rsims,2025-05-29 14:39:49+00:00,,,,open,True,sample-org__open-tracker,,False
1089,1089,rsims,2025-08-14 14:39:49+00:00,2025-08-15 20:08:01.316005+00:00,2025-08-17 22:17:10.055308+00:00,2025-08-17 22:17:10.055308+00:00,closed,False,sample-org__open-tracker,29.47008777916667,True
1090,1090,rsims,2025-11-04 14:39:49+00:00,2025-11-05 05:23:29.405565+00:00,2025-11-05 09:41:50.645287+00:00,2025-11-05 09:41:50.645287+00:00,closed,False,sample-org__open-tracker,14.727890434722223,True
1091,1091,rsims,2025-11-23 14:39:49+00:00,2025-11-24 05:47:27.842617+00:00,2025-11-26 05:31:00.564483+00:00,2025-11-26 05:31:00.564483+00:00,closed,False,sample-org__open-tracker,15.1274562825,True
1092,1092,rsims,2025-12-25 14:39:49+00:00,2025-12-25 23:30:49.671273+00:00,2025-12-26 22:50:31.958862+00:00,2025-12-26 22:50:31.958862+00:00,closed,False,sample-org__open-tracker,8.850186464722222,True
1093,1093,sjones,2025-09-10 17:33:06+00:00,2025-09-12 18:33:55.766019+00:00,2025-09-15 07:52:33.249923+00:00,2025-09-15 07:52:33.249923+00:00,closed,True,sample-org__open-tracker,49.01382389416667,True
1094,1094,josephflores,2025-09-08 06:09:41+00:00,2025-09-09 03:02:57.990681+00:00,2025-09-11 11:40:52.895004+00:00,2025-09-11 11:40:52.895004+00:00,closed,True,sample-org__open-tracker,20.888052966944443,True
1095,1095,josephflores,2025-11-14 06:09:41+00:00,2025-11-14 12:07:06.368413+00:00,2025-11-15 19:46:46.703472+00:00,2025-11-15 19:46:46.703472+00:00,closed,False,sample-org__open-tracker,5.957046781388889,True
1096,1096,taylorjesse,2024-05-13 02:54:29+00:00,2024-05-14 10:17:29.382965+00:00,2024-05-14 16:30:37.691324+00:00,2024-05-14 16:30:37.691324+00:00,closed,True,sample-org__open-tracker,31.3834397125,True
1097,1097,taylorjesse,2024-06-26 02:54:29+00:00,2024-06-27 12:18:03.146158+00:00,2024-06-29 17:48:59.038020+00:00,2024-06-29 17:48:59.038020+00:00,closed,False,sample-org__open-tracker,33.39281837722222,True
1098,1098,jasminebrown,2025-02-23 01:37:19+00:00,2025-02-25 16:07:24.524833+00:00,,,open,True,sample-org__open-tracker,62.501534675833334,False
1099,1099,drivera,2026-05-11 18:12:22+00:00,2026-05-12 12:34:03.889870+00:00,2026-05-14 07:56:57.806201+00:00,2026-05-14 07:56:57.806201+00:00,closed,True,sample-org__open-tracker,18.361636075,True
1100,1100,abrown,2024-01-20 04:05:29+00:00,2024-01-21 09:10:47.215082+00:00,2024-01-21 16:11:36.411609+00:00,2024-01-21 16:11:36.411609+00:00,closed,True,sample-org__open-tracker,29.088393078333333,True
1101,1101,lstein,2025-01-12 02:05:49+00:00,2025-01-12 18:23:15.264365+00:00,2025-01-14 06:23:57.743994+00:00,2025-01-14 06:23:57.743994+00:00,closed,True,sample-org__open-tracker,16.290628990277778,True
1102,1102,lstein,2025-01-30 02:05:49+00:00,2025-01-30 18:06:06.392268+00:00,2025-01-31 14:41:42.246650+00:00,2025-01-31 14:41:42.246650+00:00,closed,False,sample-org__open-tracker,16.004831185555556,True
1103,1103,gateskathy,2024-04-29 11:50:10+00:00,,2024-04-30 21:50:39.433371+00:00,2024-04-30 21:50:39.433371+00:00,closed,True,sample-org__open-tracker,,True
1104,1104,gateskathy,2024-05-26 11:50:10+00:00,2024-05-28 11:26:32.050580+00:00,2024-05-31 07:48:31.327568+00:00,2024-05-31 07:48:31.327568+00:00,closed,False,sample-org__open-tracker,47.606125161111116,True
1105,1105,gateskathy,2024-07-17 11:50:10+00:00,2024-07-18 15:49:07.113388+00:00,2024-07-20 00:04:28.092119+00:00,2024-07-20 00:04:28.092119+00:00,closed,False,sample-org__open-tracker,27.982531496666667,True
1106,1106,wwoods,2024-07-30 11:05:17+00:00,2024-07-30 20:35:10.795900+00:00,2024-08-01 22:57:07.506635+00:00,2024-08-01 22:57:07.506635+00:00,closed,True,sample-org__open-tracker,9.498276638888887,True
1107,1107,karen68,2025-09-02 09:41:00+00:00,,2025-09-02 23:57:29.395543+00:00,2025-09-02 23:57:29.395543+00:00,closed,True,sample-org__open-tracker,,True
1108,1108,tracynelson,2025-01-10 23:12:11+00:00,2025-01-14 00:41:23.542574+00:00,2025-01-15 07:43:55.047902+00:00,2025-01-15 07:43:55.047902+00:00,closed,True,sample-org__open-tracker,73.48681738166667,True
1109,1109,vjohnson,2025-01-20 14:43:16+00:00,2025-01-21 07:52:46.479345+00:00,2025-01-23 08:58:48.295928+00:00,2025-01-23 08:58:48.295928+00:00,closed,True,sample-org__open-tracker,17.158466484722222,True
1110,1110,vjohnson,2025-03-22 14:43:16+00:00,2025-03-22 22:58:30.541560+00:00,2025-03-23 23:31:06.658612+00:00,2025-03-23 23:31:06.658612+00:00,closed,False,sample-org__open-tracker,8.254039322222223,True
1111,1111,dramsey,2024-12-09 08:39:37+00:00,2024-12-09 15:11:16.202684+00:00,2024-12-10 16:40:49.866954+00:00,2024-12-10 16:40:49.866954+00:00,closed,True,sample-org__open-tracker,6.527556301111111,True
1112,1112,dramsey,2024-12-22 08:39:37+00:00,2024-12-23 09:39:10.623151+00:00,2024-12-24 07:37:43.098716+00:00,2024-12-24 07:37:43.098716+00:00,closed,False,sample-org__open-tracker,24.992673097500003,True
1113,1113,dramsey,2025-01-11 08:39:37+00:00,2025-01-13 07:14:41.831224+00:00,,,open,False,sample-org__open-tracker,46.58467534,False
1114,1114,tinaferguson,2025-12-03 20:27:14+00:00,2025-12-06 18:02:55.341781+00:00,2025-12-09 04:34:18.867257+00:00,2025-12-09 04:34:18.867257+00:00,closed,True,sample-org__open-tracker,69.59481716138889,True
1115,1115,qvargas,2026-05-19 16:40:54+00:00,2026-05-19 21:46:09.564346+00:00,2026-05-21 21:26:17.466438+00:00,2026-05-21 21:26:17.466438+00:00,closed,True,sample-org__open-tracker,5.087656762777778,True
1116,1116,qvargas,2026-07-18 16:40:54+00:00,2026-07-19 20:08:11.240721+00:00,,,open,False,sample-org__open-tracker,27.454789089166667,False
1117,1117,qvargas,2026-10-14 16:40:54+00:00,2026-10-16 00:50:47.762928+00:00,2026-10-16 02:09:45.194002+00:00,2026-10-16 02:09:45.194002+00:00,closed,False,sample-org__open-tracker,32.16493414666667,True
1118,1118,qvargas,2026-11-20 16:40:54+00:00,2026-11-21 01:41:44.195546+00:00,2026-11-23 08:06:38.592160+00:00,2026-11-23 08:06:38.592160+00:00,closed,False,sample-org__open-tracker,9.013943207222223,True
1119,1119,millerroy,2026-04-14 00:40:23+00:00,2026-04-15 15:14:26.503682+00:00,2026-04-17 05:42:30.462699+00:00,2026-04-17 05:42:30.462699+00:00,closed,True,sample-org__open-tracker,38.56763991166667,True
1120,1120,millerroy,2026-06-03 00:40:23+00:00,2026-06-04 08:57:55.281359+00:00,2026-06-06 05:22:05.713802+00:00,2026-06-06 05:22:05.713802+00:00,closed,False,sample-org__open-tracker,32.2923003775,True
1121,1121,qwhite,2024-07-27 01:56:05+00:00,2024-07-28 00:47:51.756957+00:00,2024-07-28 11:50:03.000616+00:00,2024-07-28 11:50:03.000616+00:00,closed,True,sample-org__open-tracker,22.86298804361111,True
1122,1122,dmurphy,2024-08-02 04:03:55+00:00,2024-08-04 03:05:15.822704+00:00,2024-08-05 18:14:29.964115+00:00,2024-08-05 18:14:29.964115+00:00,closed,True,sample-org__open-tracker,47.02245075111111,True
1123,1123,dmurphy,2024-09-03 04:03:55+00:00,2024-09-03 07:41:33.465249+00:00,,,open,False,sample-org__open-tracker,3.6273514580555557,False
1124,1124,dmurphy,2024-10-23 04:03:55+00:00,2024-10-23 18:10:51.307781+00:00,2024-10-25 15:09:32.498360+00:00,2024-10-25 15:09:32.498360+00:00,closed,False,sample-org__open-tracker,14.115641050277778,True
1125,1125,matthew64,2026-01-22 19:31:48+00:00,2026-01-25 07:34:42.854370+00:00,2026-01-27 09:11:31.323365+00:00,2026-01-27 09:11:31.323365+00:00,closed,True,sample-org__open-tracker,60.04857065833333,True
1126,1126,matthew64,2026-03-26 19:31:48+00:00,2026-03-28 12:22:55.151884+00:00,2026-03-29 20:53:43.657346+00:00,2026-03-29 20:53:43.657346+00:00,closed,False,sample-org__open-tracker,40.851986634444444,True
1127,1127,matthew64,2026-04-26 19:31:48+00:00,2026-04-27 18:47:25.508569+00:00,2026-04-28 16:31:43.689452+00:00,2026-04-28 16:31:43.689452+00:00,closed,False,sample-org__open-tracker,23.260419046944445,True
1128,1128,fking,2024-06-26 09:55:57+00:00,2024-06-27 19:02:23.073891+00:00,2024-06-30 18:23:35.483164+00:00,2024-06-30 18:23:35.483164+00:00,closed,True,sample-org__open-tracker,33.107242747499996,True
1129,1129,ismith,2024-03-05 15:21:09+00:00,2024-03-06 23:02:49.843178+00:00,2024-03-09 04:18:08.554293+00:00,2024-03-09 04:18:08.554293+00:00,closed,True,sample-org__open-tracker,31.694678660555553,True
1130,1130,cookemichael,2025-11-13 01:42:44+00:00,2025-11-13 04:47:14.020889+00:00,2025-11-13 20:41:18.880525+00:00,2025-11-13 20:41:18.880525+00:00,closed,True,sample-org__open-tracker,3.0750058024999998,True
1131,1131,cookemichael,2026-02-06 01:42:44+00:00,2026-02-06 10:35:27.057832+00:00,2026-02-07 17:59:26.558689+00:00,2026-02-07 17:59:26.558689+00:00,closed,False,sample-org__open-tracker,8.878627175555556,True
1132,1132,harringtondenise,2025-03-12 15:36:32+00:00,,2025-03-13 13:53:09.428789+00:00,2025-03-13 13:53:09.428789+00:00,closed,True,sample-org__open-tracker,,True
1133,1133,harringtondenise,2025-06-03 15:36:32+00:00,2025-06-04 08:23:08.211862+00:00,2025-06-06 09:36:57.117012+00:00,2025-06-06 09:36:57.117012+00:00,closed,False,sample-org__open-tracker,16.77672551722222,True
1134,1134,herringjames,2025-09-02 00:56:42+00:00,2025-09-05 08:02:56.254646+00:00,2025-09-06 04:07:40.358720+00:00,2025-09-06 04:07:40.358720+00:00,closed,True,sample-org__open-tracker,79.10395962388888,True
1135,1135,howelljohn,2026-03-11 23:27:48+00:00,2026-03-13 05:24:55.856499+00:00,2026-03-14 23:44:03.693716+00:00,2026-03-14 23:44:03.693716+00:00,closed,True,sample-org__open-tracker,29.952182360833334,True
1136,1136,howelljohn,2026-04-01 23:27:48+00:00,,2026-04-03 09:30:47.630007+00:00,2026-04-03 09:30:47.630007+00:00,closed,False,sample-org__open-tracker,,True
1137,1137,howelljohn,2026-05-26 23:27:48+00:00,2026-05-28 11:11:26.625680+00:00,2026-05-31 08:55:40.290747+00:00,2026-05-31 08:55:40.290747+00:00,closed,False,sample-org__open-tracker,35.72739602222222,True
1138,1138,kcaldwell,2025-05-16 13:17:06+00:00,,2025-05-18 06:58:51.923550+00:00,2025-05-18 06:58:51.923550+00:00,closed,True,sample-org__open-tracker,,True
1139,1139,kcaldwell,2025-07-27 13:17:06+00:00,2025-07-28 16:51:43.932238+00:00,2025-07-28 21:07:26.944036+00:00,2025-07-28 21:07:26.944036+00:00,closed,False,sample-org__open-tracker,27.577203399444443,True
1140,1140,stevenscott,2025-12-14 22:27:00+00:00,,2025-12-15 11:10:00.586427+00:00,2025-12-15 11:10:00.586427+00:00,closed,True,sample-org__open-tracker,,True
1141,1141,gary91,2024-05-24 23:58:00+00:00,2024-05-25 19:15:27.193198+00:00,2024-05-27 00:23:52.097706+00:00,2024-05-27 00:23:52.097706+00:00,closed,True,sample-org__open-tracker,19.290886999444442,True
1142,1142,gary91,2024-07-12 23:58:00+00:00,2024-07-13 10:33:51.590083+00:00,2024-07-15 17:11:08.929429+00:00,2024-07-15 17:11:08.929429+00:00,closed,False,sample-org__open-tracker,10.597663911944446,True
1143,1143,gary91,2024-09-14 23:58:00+00:00,2024-09-15 06:52:30.943714+00:00,,,open,False,sample-org__open-tracker,6.9085954761111115,False
1144,1144,gary91,2024-11-24 23:58:00+00:00,2024-11-25 00:34:34.856187+00:00,,,open,False,sample-org__open-tracker,0.6096822741666666,False
1145,1145,gary91,2025-02-17 23:58:00+00:00,2025-02-18 23:20:29.141247+00:00,,,open,False,sample-org__open-tracker,23.374761457500004,False
1146,1146,tamirodriguez,2025-10-18 01:00:16+00:00,2025-10-20 20:19:18.682474+00:00,2025-10-21 13:34:37.501797+00:00,2025-10-21 13:34:37.501797+00:00,closed,True,sample-org__open-tracker,67.31741179833334,True
1147,1147,hickmanbarbara,2024-06-08 02:45:42+00:00,2024-06-10 03:50:08.815906+00:00,2024-06-12 14:35:05.657215+00:00,2024-06-12 14:35:05.657215+00:00,closed,True,sample-org__open-tracker,49.07411552944445,True
1148,1148,tsanders,2024-08-09 21:56:54+00:00,2024-08-11 18:24:05.379482+00:00,2024-08-13 14:44:02.977040+00:00,2024-08-13 14:44:02.977040+00:00,closed,True,sample-org__open-tracker,44.45316096722222,True
1149,1149,charlesvaughn,2024-11-26 23:16:58+00:00,2024-11-27 19:21:07.993993+00:00,2024-11-28 02:30:25.455347+00:00,2024-11-28 02:30:25.455347+00:00,closed,True,sample-org__open-tracker,20.069442775833334,True
1150,1150,charlesvaughn,2024-12-18 23:16:58+00:00,2024-12-19 13:05:21.284423+00:00,,,open,False,sample-org__open-tracker,13.806467895277777,False
1151,1151,charlesvaughn,2025-01-12 23:16:58+00:00,2025-01-13 06:47:37.677446+00:00,2025-01-14 06:07:24.815033+00:00,2025-01-14 06:07:24.815033+00:00,closed,False,sample-org__open-tracker,7.511021512777778,True
1152,1152,charlesvaughn,2025-02-08 23:16:58+00:00,2025-02-09 11:24:13.867684+00:00,2025-02-11 10:10:18.884913+00:00,2025-02-11 10:10:18.884913+00:00,closed,False,sample-org__open-tracker,12.121074356666666,True
1153,1153,curtisbarton,2025-03-18 14:37:03+00:00,2025-03-20 03:32:53.369743+00:00,2025-03-21 17:18:30.046808+00:00,2025-03-21 17:18:30.046808+00:00,closed,True,sample-org__open-tracker,36.930658261944444,True
1154,1154,curtisbarton,2025-06-01 14:37:03+00:00,,2025-06-02 19:55:54.559664+00:00,2025-06-02 19:55:54.559664+00:00,closed,False,sample-org__open-tracker,,True
1155,1155,curtisbarton,2025-06-17 14:37:03+00:00,2025-06-18 16:14:09.462473+00:00,2025-06-19 20:38:01.815383+00:00,2025-06-19 20:38:01.815383+00:00,closed,False,sample-org__open-tracker,25.618461798055556,True
1156,1156,curtisbarton,2025-07-27 14:37:03+00:00,,2025-07-29 10:17:11.448736+00:00,2025-07-29 10:17:11.448736+00:00,closed,False,sample-org__open-tracker,,True
1157,1157,hoganashlee,2024-01-19 17:53:26+00:00,2024-01-23 09:58:10.598505+00:00,2024-01-25 03:19:28.625875+00:00,2024-01-25 03:19:28.625875+00:00,closed,True,sample-org__open-tracker,88.07905514027777,True
1158,1158,reedross,2024-09-25 09:20:38+00:00,2024-09-26 10:32:46.230167+00:00,2024-09-26 12:43:52.041260+00:00,2024-09-26 12:43:52.041260+00:00,closed,True,sample-org__open-tracker,25.2022861575,True
1159,1159,reedross,2024-10-13 09:20:38+00:00,2024-10-14 15:45:43.529296+00:00,2024-10-17 12:07:06.136516+00:00,2024-10-17 12:07:06.136516+00:00,closed,False,sample-org__open-tracker,30.41820258222222,True
1160,1160,reedross,2024-12-12 09:20:38+00:00,2024-12-13 06:14:56.641333+00:00,2024-12-15 03:52:39.311246+00:00,2024-12-15 03:52:39.311246+00:00,closed,False,sample-org__open-tracker,20.90517814805556,True
1161,1161,reedross,2025-02-24 09:20:38+00:00,2025-02-25 07:01:59.942134+00:00,2025-02-27 05:30:41.273027+00:00,2025-02-27 05:30:41.273027+00:00,closed,False,sample-org__open-tracker,21.689428370555554,True
1162,1162,reedross,2025-05-13 09:20:38+00:00,2025-05-13 13:41:22.700952+00:00,2025-05-14 10:23:23.454206+00:00,2025-05-14 10:23:23.454206+00:00,closed,False,sample-org__open-tracker,4.345750264444444,True
1163,1163,reedross,2025-07-01 09:20:38+00:00,2025-07-03 11:03:15.878277+00:00,2025-07-03 23:05:10.273019+00:00,2025-07-03 23:05:10.273019+00:00,closed,False,sample-org__open-tracker,49.71052174361112,True
1164,1164,casey50,2025-12-05 06:55:38+00:00,2025-12-07 15:45:16.647970+00:00,,,open,True,sample-org__open-tracker,56.82740221388889,False
1165,1165,gshort,2024-07-02 09:28:24+00:00,2024-07-03 16:17:33.372261+00:00,,,open,True,sample-org__open-tracker,30.8192700725,False
1166,1166,gshort,2024-09-23 09:28:24+00:00,2024-09-24 01:50:41.176487+00:00,2024-09-25 14:04:16.495107+00:00,2024-09-25 14:04:16.495107+00:00,closed,False,sample-org__open-tracker,16.371437913055555,True
1167,1167,oyu,2024-06-28 03:56:54+00:00,2024-06-29 13:58:51.425970+00:00,2024-06-30 08:20:38.776681+00:00,2024-06-30 08:20:38.776681+00:00,closed,True,sample-org__open-tracker,34.032618325,True
1168,1168,bzimmerman,2025-10-13 11:13:15+00:00,2025-10-15 22:45:28.006609+00:00,2025-10-18 16:47:00.484513+00:00,2025-10-18 16:47:00.484513+00:00,closed,True,sample-org__open-tracker,59.53694628027778,True
1169,1169,jessicasheppard,2024-10-05 14:26:31+00:00,2024-10-07 01:29:26.551175+00:00,2024-10-09 16:45:25.511655+00:00,2024-10-09 16:45:25.511655+00:00,closed,True,sample-org__open-tracker,35.04876421527778,True
1170,1170,christina87,2025-04-27 15:39:09+00:00,2025-04-30 03:20:03.812924+00:00,2025-04-30 04:54:00.733685+00:00,2025-04-30 04:54:00.733685+00:00,closed,True,sample-org__open-tracker,59.68189247888889,True
1171,1171,ugraham,2025-01-15 18:59:32+00:00,2025-01-18 10:56:05.676469+00:00,2025-01-20 09:05:12.410649+00:00,2025-01-20 09:05:12.410649+00:00,closed,True,sample-org__open-tracker,63.942687908055554,True
1172,1172,marcus31,2024-01-03 06:30:31+00:00,2024-01-06 11:34:40.993570+00:00,2024-01-07 10:24:40.712520+00:00,2024-01-07 10:24:40.712520+00:00,closed,True,sample-org__open-tracker,77.06944265833333,True
1173,1173,marcus31,2024-02-08 06:30:31+00:00,2024-02-08 15:38:17.303013+00:00,2024-02-08 20:53:26.484350+00:00,2024-02-08 20:53:26.484350+00:00,closed,False,sample-org__open-tracker,9.129528614722222,True
1174,1174,marcus31,2024-03-07 06:30:31+00:00,2024-03-08 00:26:53.111660+00:00,2024-03-08 08:03:10.720424+00:00,2024-03-08 08:03:10.720424+00:00,closed,False,sample-org__open-tracker,17.939475461111112,True
1175,1175,nicole37,2026-03-18 10:01:41+00:00,,2026-03-19 23:24:48.336443+00:00,2026-03-19 23:24:48.336443+00:00,closed,True,sample-org__open-tracker,,True
1176,1176,nicole37,2026-05-17 10:01:41+00:00,2026-05-18 22:35:34.872657+00:00,,,open,False,sample-org__open-tracker,36.564964626944445,False
1177,1177,nicole37,2026-08-07 10:01:41+00:00,2026-08-09 02:27:48.957176+00:00,,,open,False,sample-org__open-tracker,40.43554366,False
1178,1178,nicole37,2026-09-23 10:01:41+00:00,2026-09-24 14:27:36.321885+00:00,2026-09-25 13:49:32.600664+00:00,2026-09-25 13:49:32.600664+00:00,closed,False,sample-org__open-tracker,28.432033856944443,True
1179,1179,frogers,2025-05-21 19:32:24+00:00,2025-05-22 17:16:47.043630+00:00,2025-05-25 01:39:18.936349+00:00,2025-05-25 01:39:18.936349+00:00,closed,True,sample-org__open-tracker,21.739734341666665,True
1180,1180,hunter35,2026-04-12 12:42:55+00:00,2026-04-14 12:50:24.444606+00:00,2026-04-15 21:55:34.449466+00:00,2026-04-15 21:55:34.449466+00:00,closed,True,sample-org__open-tracker,48.12484572388889,True
1181,1181,matthew94,2025-04-17 13:57:23+00:00,2025-04-19 13:47:30.326611+00:00,2025-04-20 14:03:54.385822+00:00,2025-04-20 14:03:54.385822+00:00,closed,True,sample-org__open-tracker,47.835368503055555,True
1182,1182,blackjames,2025-07-06 15:03:04+00:00,,2025-07-09 02:46:38.905802+00:00,2025-07-09 02:46:38.905802+00:00,closed,True,sample-org__open-tracker,,True
1183,1183,blackjames,2025-08-07 15:03:04+00:00,2025-08-09 02:01:51.581242+00:00,2025-08-11 08:08:40.432349+00:00,2025-08-11 08:08:40.432349+00:00,closed,False,sample-org__open-tracker,34.97988367833333,True
1184,1184,jenniferfreeman,2024-12-11 07:30:08+00:00,2024-12-12 18:26:27.552039+00:00,2024-12-13 21:52:12.030558+00:00,2024-12-13 21:52:12.030558+00:00,closed,True,sample-org__open-tracker,34.93876445527778,True
1185,1185,hannahbrewer,2024-05-10 13:13:00+00:00,2024-05-11 02:23:55.518411+00:00,,,open,True,sample-org__open-tracker,13.1820884475,False
1186,1186,hannahbrewer,2024-07-15 13:13:00+00:00,2024-07-16 03:28:32.890021+00:00,2024-07-16 11:00:22.630062+00:00,2024-07-16 11:00:22.630062+00:00,closed,False,sample-org__open-tracker,14.259136116944445,True
1187,1187,bwest,2025-08-17 13:11:15+00:00,2025-08-18 12:54:47.832910+00:00,2025-08-19 09:46:58.656984+00:00,2025-08-19 09:46:58.656984+00:00,closed,True,sample-org__open-tracker,23.725786919444445,True
1188,1188,phillipsrichard,2026-03-27 19:46:08+00:00,2026-03-28 11:42:19.517111+00:00,2026-03-30 03:18:18.165268+00:00,2026-03-30 03:18:18.165268+00:00,closed,True,sample-org__open-tracker,15.936532530833334,True
1189,1189,kevinperkins,2025-07-11 20:40:11+00:00,,2025-07-12 21:00:13.089412+00:00,2025-07-12 21:00:13.089412+00:00,closed,True,sample-org__open-tracker,,True
1190,1190,wtran,2026-04-02 10:39:59+00:00,2026-04-03 22:12:59.391994+00:00,2026-04-04 10:32:59.492991+00:00,2026-04-04 10:32:59.492991+00:00,closed,True,sample-org__open-tracker,35.55010888722222,True
1191,1191,wtran,2026-05-13 10:39:59+00:00,2026-05-14 00:08:34.357178+00:00,2026-05-16 18:16:05.880923+00:00,2026-05-16 18:16:05.880923+00:00,closed,False,sample-org__open-tracker,13.476488105,True
1192,1192,wtran,2026-05-30 10:39:59+00:00,2026-05-30 20:49:16.307147+00:00,2026-06-02 17:06:54.620580+00:00,2026-06-02 17:06:54.620580+00:00,closed,False,sample-org__open-tracker,10.154807540833334,True
1193,1193,jbarajas,2025-08-26 09:26:28+00:00,2025-08-26 10:11:29.962578+00:00,2025-08-28 20:25:57.296180+00:00,2025-08-28 20:25:57.296180+00:00,closed,True,sample-org__open-tracker,0.7505451605555555,True
1194,1194,jbarajas,2025-10-20 09:26:28+00:00,2025-10-22 04:07:24.422068+00:00,2025-10-22 07:07:34.021290+00:00,2025-10-22 07:07:34.021290+00:00,closed,False,sample-org__open-tracker,42.682339463333335,True
1195,1195,michael74,2026-05-25 12:46:22+00:00,2026-05-28 08:56:47.957361+00:00,2026-05-30 00:26:15.005510+00:00,2026-05-30 00:26:15.005510+00:00,closed,True,sample-org__open-tracker,68.17387704472222,True
1196,1196,michael74,2026-06-26 12:46:22+00:00,2026-06-28 13:12:57.948051+00:00,2026-06-28 20:37:27.733574+00:00,2026-06-28 20:37:27.733574+00:00,closed,False,sample-org__open-tracker,48.44331890305556,True
1197,1197,michael74,2026-08-04 12:46:22+00:00,2026-08-05 06:21:23.446824+00:00,2026-08-06 06:54:34.655582+00:00,2026-08-06 06:54:34.655582+00:00,closed,False,sample-org__open-tracker,17.583735228888887,True
1198,1198,michael74,2026-10-31 12:46:22+00:00,2026-11-01 06:58:42.213330+00:00,2026-11-01 17:14:35.341190+00:00,2026-11-01 17:14:35.341190+00:00,closed,False,sample-org__open-tracker,18.20561481388889,True
1199,1199,michael74,2026-12-02 12:46:22+00:00,2026-12-04 10:00:56.755980+00:00,2026-12-04 12:34:17.692260+00:00,2026-12-04 12:34:17.692260+00:00,closed,False,sample-org__open-tracker,45.24298777222222,True
1200,1200,john13,2024-08-08 01:11:38+00:00,2024-08-08 07:38:35.968647+00:00,2024-08-11 04:50:34.785217+00:00,2024-08-11 04:50:34.785217+00:00,closed,True,sample-org__open-tracker,6.4494357352777785,True
1201,1201,john13,2024-10-04 01:11:38+00:00,2024-10-04 14:58:02.195526+00:00,2024-10-05 15:51:47.205310+00:00,2024-10-05 15:51:47.205310+00:00,closed,False,sample-org__open-tracker,13.773387646111113,True
1202,1202,john13,2024-11-24 01:11:38+00:00,,,,open,False,sample-org__open-tracker,,False
1203,1203,john13,2024-12-24 01:11:38+00:00,2024-12-24 19:24:54.158346+00:00,2024-12-26 07:00:22.483236+00:00,2024-12-26 07:00:22.483236+00:00,closed,False,sample-org__open-tracker,18.22115509611111,True
1204,1204,john13,2025-02-12 01:11:38+00:00,2025-02-12 05:13:03.049133+00:00,2025-02-15 02:59:53.733436+00:00,2025-02-15 02:59:53.733436+00:00,closed,False,sample-org__open-tracker,4.023624759166667,True
1205,1205,david82,2024-12-12 18:53:11+00:00,2024-12-13 01:39:37.265546+00:00,2024-12-13 15:16:39.504086+00:00,2024-12-13 15:16:39.504086+00:00,closed,True,sample-org__open-tracker,6.7739626516666664,True
1206,1206,david82,2024-12-22 18:53:11+00:00,,2024-12-25 15:44:38.249658+00:00,2024-12-25 15:44:38.249658+00:00,closed,False,sample-org__open-tracker,,True
1207,1207,david82,2025-02-20 18:53:11+00:00,2025-02-22 06:07:11.429999+00:00,2025-02-22 20:02:51.526836+00:00,2025-02-22 20:02:51.526836+00:00,closed,False,sample-org__open-tracker,35.2334527775,True
1208,1208,david82,2025-04-11 18:53:11+00:00,,2025-04-14 17:04:52.098843+00:00,2025-04-14 17:04:52.098843+00:00,closed,False,sample-org__open-tracker,,True
1209,1209,javierwashington,2024-06-10 17:30:38+00:00,2024-06-12 12:12:01.212916+00:00,2024-06-13 01:07:13.236638+00:00,2024-06-13 01:07:13.236638+00:00,closed,True,sample-org__open-tracker,42.689781365555554,True
1210,1210,javierwashington,2024-07-01 17:30:38+00:00,2024-07-02 10:18:40.208534+00:00,2024-07-04 10:52:58.488911+00:00,2024-07-04 10:52:58.488911+00:00,closed,False,sample-org__open-tracker,16.800613481666666,True
1211,1211,tina34,2025-02-15 23:50:11+00:00,2025-02-17 15:28:02.342663+00:00,2025-02-17 19:53:08.832860+00:00,2025-02-17 19:53:08.832860+00:00,closed,True,sample-org__open-tracker,39.630928517499996,True
1212,1212,tina34,2025-04-22 23:50:11+00:00,2025-04-24 18:09:30.453946+00:00,2025-04-27 15:57:52.880443+00:00,2025-04-27 15:57:52.880443+00:00,closed,False,sample-org__open-tracker,42.32207054055555,True
1213,1213,tina34,2025-06-23 23:50:11+00:00,2025-06-24 05:12:54.834078+00:00,2025-06-24 13:24:59.973921+00:00,2025-06-24 13:24:59.973921+00:00,closed,False,sample-org__open-tracker,5.3788427994444445,True
1214,1214,tina34,2025-09-02 23:50:11+00:00,2025-09-03 20:28:20.384409+00:00,2025-09-05 14:30:51.367892+00:00,2025-09-05 14:30:51.367892+00:00,closed,False,sample-org__open-tracker,20.635940113611113,True
1215,1215,michaelturner,2024-04-25 06:23:29+00:00,2024-04-25 07:51:54.339373+00:00,,,open,True,sample-org__open-tracker,1.4737053813888887,False
1216,1216,joshuamccann,2026-05-10 18:48:31+00:00,2026-05-13 20:38:59.457197+00:00,2026-05-14 17:38:16.754770+00:00,2026-05-14 17:38:16.754770+00:00,closed,True,sample-org__open-tracker,73.84123811027777,True
1217,1217,joshuamccann,2026-06-19 18:48:31+00:00,2026-06-21 03:09:16.339930+00:00,2026-06-22 15:00:42.719244+00:00,2026-06-22 15:00:42.719244+00:00,closed,False,sample-org__open-tracker,32.34592775833333,True
1218,1218,joshuamccann,2026-07-05 18:48:31+00:00,2026-07-06 23:18:11.405472+00:00,2026-07-08 06:39:47.488195+00:00,2026-07-08 06:39:47.488195+00:00,closed,False,sample-org__open-tracker,28.494557075555555,True
1219,1219,joshuamccann,2026-08-21 18:48:31+00:00,2026-08-23 00:13:03.670546+00:00,2026-08-23 08:06:13.521542+00:00,2026-08-23 08:06:13.521542+00:00,closed,False,sample-org__open-tracker,29.409075151666666,True
1220,1220,heidi27,2024-05-21 13:49:44+00:00,,2024-05-22 18:24:41.389823+00:00,2024-05-22 18:24:41.389823+00:00,closed,True,sample-org__open-tracker,,True
1221,1221,heidi27,2024-06-23 13:49:44+00:00,2024-06-23 22:46:35.840233+00:00,2024-06-24 15:50:23.367073+00:00,2024-06-24 15:50:23.367073+00:00,closed,False,sample-org__open-tracker,8.947733398055556,True
1222,1222,heidi27,2024-08-06 13:49:44+00:00,2024-08-07 13:44:50.064110+00:00,2024-08-08 01:28:39.064493+00:00,2024-08-08 01:28:39.064493+00:00,closed,False,sample-org__open-tracker,23.91835114166667,True
1223,1223,salasaudrey,2025-10-12 07:44:05+00:00,2025-10-15 02:57:26.459008+00:00,2025-10-16 01:10:33.058070+00:00,2025-10-16 01:10:33.058070+00:00,closed,True,sample-org__open-tracker,67.22262750222222,True
1224,1224,salasaudrey,2025-12-11 07:44:05+00:00,2025-12-11 22:50:05.926682+00:00,2025-12-14 02:33:02.463380+00:00,2025-12-14 02:33:02.463380+00:00,closed,False,sample-org__open-tracker,15.100257411666666,True
1225,1225,salasaudrey,2026-02-23 07:44:05+00:00,2026-02-23 11:25:27.555201+00:00,2026-02-26 10:11:59.672908+00:00,2026-02-26 10:11:59.672908+00:00,closed,False,sample-org__open-tracker,3.6895986669444443,True
1226,1226,vmendoza,2024-05-01 17:47:24+00:00,2024-05-02 10:44:33.888101+00:00,2024-05-04 08:16:32.907948+00:00,2024-05-04 08:16:32.907948+00:00,closed,True,sample-org__open-tracker,16.952746694722222,True
1227,1227,vmendoza,2024-07-26 17:47:24+00:00,2024-07-27 12:09:23.435341+00:00,2024-07-27 17:54:51.690540+00:00,2024-07-27 17:54:51.690540+00:00,closed,False,sample-org__open-tracker,18.366509816944447,True
1228,1228,vmendoza,2024-09-23 17:47:24+00:00,2024-09-25 22:43:42.762066+00:00,2024-09-27 14:55:27.813433+00:00,2024-09-27 14:55:27.813433+00:00,closed,False,sample-org__open-tracker,52.93854501833333,True
1229,1229,tammyking,2024-01-20 04:57:20+00:00,2024-01-21 18:54:19.244707+00:00,2024-01-22 06:25:39.098582+00:00,2024-01-22 06:25:39.098582+00:00,closed,True,sample-org__open-tracker,37.94979019638889,True
1230,1230,tammyking,2024-04-14 04:57:20+00:00,,2024-04-17 02:57:30.973500+00:00,2024-04-17 02:57:30.973500+00:00,closed,False,sample-org__open-tracker,,True
1231,1231,tammyking,2024-05-06 04:57:20+00:00,2024-05-07 18:08:28.327522+00:00,,,open,False,sample-org__open-tracker,37.18564653388889,False
1232,1232,ewilson,2025-06-18 04:22:19+00:00,2025-06-18 19:45:41.218854+00:00,2025-06-20 13:22:30.358947+00:00,2025-06-20 13:22:30.358947+00:00,closed,True,sample-org__open-tracker,15.389505237222222,True
1233,1233,ewilson,2025-08-27 04:22:19+00:00,2025-08-28 12:04:48.769364+00:00,,,open,False,sample-org__open-tracker,31.70826926777778,False
1234,1234,kvasquez,2025-09-16 01:12:12+00:00,2025-09-17 11:53:01.415254+00:00,2025-09-18 12:25:11.301012+00:00,2025-09-18 12:25:11.301012+00:00,closed,True,sample-org__open-tracker,34.68039312611111,True
1235,1235,hernandezlisa,2024-06-01 13:48:34+00:00,2024-06-03 13:31:29.169163+00:00,2024-06-05 21:28:51.467253+00:00,2024-06-05 21:28:51.467253+00:00,closed,True,sample-org__open-tracker,47.7153247675,True
1236,1236,christopher31,2026-03-13 08:34:06+00:00,2026-03-14 11:28:34.064877+00:00,2026-03-14 23:45:47.421216+00:00,2026-03-14 23:45:47.421216+00:00,closed,True,sample-org__open-tracker,26.907795799166667,True
1237,1237,christopher31,2026-05-01 08:34:06+00:00,2026-05-02 00:44:13.406674+00:00,2026-05-03 14:57:40.963762+00:00,2026-05-03 14:57:40.963762+00:00,closed,False,sample-org__open-tracker,16.16872407611111,True
1238,1238,christopher31,2026-07-22 08:34:06+00:00,2026-07-22 13:48:44.477547+00:00,,,open,False,sample-org__open-tracker,5.244021540833333,False
1239,1239,christopher31,2026-08-25 08:34:06+00:00,2026-08-26 11:40:35.436812+00:00,,,open,False,sample-org__open-tracker,27.10817689222222,False
1240,1240,christopher31,2026-09-08 08:34:06+00:00,2026-09-08 21:28:34.558193+00:00,2026-09-11 15:39:23.299517+00:00,2026-09-11 15:39:23.299517+00:00,closed,False,sample-org__open-tracker,12.907932831388887,True
1241,1241,yobrien,2024-10-02 20:47:59+00:00,2024-10-05 06:17:39.953079+00:00,2024-10-07 18:46:04.256757+00:00,2024-10-07 18:46:04.256757+00:00,closed,True,sample-org__open-tracker,57.49470918861111,True
1242,1242,kimberlyjames,2024-05-20 10:03:18+00:00,2024-05-21 09:05:28.689041+00:00,2024-05-21 21:39:27.821912+00:00,2024-05-21 21:39:27.821912+00:00,closed,True,sample-org__open-tracker,23.03630251138889,True
1243,1243,levans,2024-11-28 22:22:33+00:00,2024-12-01 02:52:33.588071+00:00,2024-12-02 08:57:03.627495+00:00,2024-12-02 08:57:03.627495+00:00,closed,True,sample-org__open-tracker,52.500163353055555,True
1244,1244,ntorres,2024-01-14 19:44:27+00:00,2024-01-14 21:30:54.002587+00:00,2024-01-17 07:22:35.047595+00:00,2024-01-17 07:22:35.047595+00:00,closed,True,sample-org__open-tracker,1.7741673852777777,True
1245,1245,ntorres,2024-02-21 19:44:27+00:00,2024-02-22 15:20:00.320849+00:00,2024-02-25 12:59:31.768574+00:00,2024-02-25 12:59:31.768574+00:00,closed,False,sample-org__open-tracker,19.59258912472222,True
1246,1246,lynchjody,2025-08-07 20:01:19+00:00,2025-08-10 23:13:38.600731+00:00,2025-08-11 21:40:46.886061+00:00,2025-08-11 21:40:46.886061+00:00,closed,True,sample-org__open-tracker,75.2054446475,True
1247,1247,lynchjody,2025-10-22 20:01:19+00:00,2025-10-23 22:48:53.518497+00:00,,,open,False,sample-org__open-tracker,26.792921804722223,False
1248,1248,lynchjody,2026-01-05 20:01:19+00:00,2026-01-06 02:32:46.118005+00:00,2026-01-09 00:09:59.800166+00:00,2026-01-09 00:09:59.800166+00:00,closed,False,sample-org__open-tracker,6.524199445833333,True
1249,1249,colleenbaker,2025-03-15 02:57:28+00:00,2025-03-16 05:22:17.214530+00:00,2025-03-18 03:51:13.231509+00:00,2025-03-18 03:51:13.231509+00:00,closed,True,sample-org__open-tracker,26.41367070277778,True
1000,1000,ramireztracey,2025-02-18 13:21:33+00:00,2025-02-20 08:31:30.739721+00:00,2025-02-21 01:55:11.943433+00:00,2025-02-21 01:55:11.943433+00:00,closed,True,sample-org__ui-kit,43.16603881138889,True
1001,1001,ramireztracey,2025-03-03 13:21:33+00:00,2025-03-03 18:50:42.518459+00:00,2025-03-05 07:30:36.683011+00:00,2025-03-05 07:30:36.683011+00:00,closed,False,sample-org__ui-kit,5.485977349722222,True
1002,1002,ramireztracey,2025-05-29 13:21:33+00:00,2025-05-31 03:04:13.198481+00:00,2025-06-02 02:11:22.920647+00:00,2025-06-02 02:11:22.920647+00:00,closed,False,sample-org__ui-kit,37.71116624472222,True
1003,1003,ramireztracey,2025-07-01 13:21:33+00:00,2025-07-02 19:48:00.736537+00:00,,,open,False,sample-org__ui-kit,30.441037926944446,False
1004,1004,amberlindsey,2026-01-31 02:23:42+00:00,2026-01-31 09:06:19.194090+00:00,2026-02-01 16:27:42.426739+00:00,2026-02-01 16:27:42.426739+00:00,closed,True,sample-org__ui-kit,6.710331691666667,True
1005,1005,amberlindsey,2026-02-15 02:23:42+00:00,,2026-02-16 07:52:46.921144+00:00,2026-02-16 07:52:46.921144+00:00,closed,False,sample-org__ui-kit,,True
1006,1006,amberlindsey,2026-05-09 02:23:42+00:00,2026-05-09 04:50:41.219442+00:00,2026-05-10 19:08:10.143345+00:00,2026-05-10 19:08:10.143345+00:00,closed,False,sample-org__ui-kit,2.449783178333333,True
1007,1007,amberlindsey,2026-05-23 02:23:42+00:00,2026-05-23 06:05:27.616094+00:00,2026-05-23 10:06:09.124226+00:00,2026-05-23 10:06:09.124226+00:00,closed,False,sample-org__ui-kit,3.6960044705555557,True
1008,1008,amberlindsey,2026-07-03 02:23:42+00:00,2026-07-03 20:16:03.851154+00:00,2026-07-05 01:21:22.073014+00:00,2026-07-05 01:21:22.073014+00:00,closed,False,sample-org__ui-kit,17.872736431666667,True
1009,1009,guerreroanthony,2026-03-12 18:35:50+00:00,2026-03-14 06:41:33.291997+00:00,2026-03-16 22:29:05.312432+00:00,2026-03-16 22:29:05.312432+00:00,closed,True,sample-org__ui-kit,36.09535888805556,True
1010,1010,howardkristina,2025-10-18 06:31:54+00:00,,2025-10-20 09:01:05.976193+00:00,2025-10-20 09:01:05.976193+00:00,closed,True,sample-org__ui-kit,,True
1011,1011,alfred40,2025-12-02 16:31:31+00:00,2025-12-04 23:21:28.982616+00:00,2025-12-07 15:51:19.224080+00:00,2025-12-07 15:51:19.224080+00:00,closed,True,sample-org__ui-kit,54.83277294888889,True
1012,1012,judyfox,2024-09-11 18:08:25+00:00,2024-09-13 15:59:46.621078+00:00,,,open,True,sample-org__ui-kit,45.856005855,False
1013,1013,judyfox,2024-11-17 18:08:25+00:00,2024-11-18 09:55:25.074261+00:00,2024-11-20 14:31:54.026705+00:00,2024-11-20 14:31:54.026705+00:00,closed,False,sample-org__ui-kit,15.783353961388888,True
1014,1014,alvarezkimberly,2024-09-05 09:29:30+00:00,2024-09-06 07:36:47.874356+00:00,2024-09-09 01:22:59.684623+00:00,2024-09-09 01:22:59.684623+00:00,closed,True,sample-org__ui-kit,22.121631765555556,True
1015,1015,alvarezkimberly,2024-11-26 09:29:30+00:00,2024-11-28 02:07:51.386024+00:00,2024-11-28 13:23:53.030797+00:00,2024-11-28 13:23:53.030797+00:00,closed,False,sample-org__ui-kit,40.639273895555554,True
1016,1016,alvarezkimberly,2024-12-12 09:29:30+00:00,,2024-12-13 08:58:02.878870+00:00,2024-12-13 08:58:02.878870+00:00,closed,False,sample-org__ui-kit,,True
1017,1017,hayesjeffrey,2025-01-28 04:39:40+00:00,2025-01-30 15:54:33.946472+00:00,2025-02-01 12:04:34.639242+00:00,2025-02-01 12:04:34.639242+00:00,closed,True,sample-org__ui-kit,59.248318464444445,True
1018,1018,acostaregina,2024-03-16 23:49:30+00:00,2024-03-18 08:04:22.306321+00:00,,,open,True,sample-org__ui-kit,32.247862866944445,False
1019,1019,stephen00,2025-10-09 17:16:50+00:00,2025-10-11 14:05:56.809378+00:00,2025-10-13 16:47:17.655554+00:00,2025-10-13 16:47:17.655554+00:00,closed,True,sample-org__ui-kit,44.818558160555554,True
1020,1020,bboone,2024-10-02 14:40:10+00:00,2024-10-03 20:05:09.023192+00:00,2024-10-03 23:37:49.738088+00:00,2024-10-03 23:37:49.738088+00:00,closed,True,sample-org__ui-kit,29.416395331111108,True
1021,1021,bboone,2024-11-19 14:40:10+00:00,2024-11-19 20:31:30.532573+00:00,2024-11-22 03:22:28.304664+00:00,2024-11-22 03:22:28.304664+00:00,closed,False,sample-org__ui-kit,5.8557034925,True
1022,1022,bboone,2025-02-07 14:40:10+00:00,2025-02-09 15:23:39.724998+00:00,,,open,False,sample-org__ui-kit,48.72492361055555,False
1023,1023,bboone,2025-04-18 14:40:10+00:00,2025-04-20 01:59:51.718297+00:00,2025-04-21 16:25:06.396955+00:00,2025-04-21 16:25:06.396955+00:00,closed,False,sample-org__ui-kit,35.3282550825,True
1024,1024,henryrenee,2026-04-01 16:33:33+00:00,2026-04-04 03:22:13.727766+00:00,2026-04-06 22:40:36.439842+00:00,2026-04-06 22:40:36.439842+00:00,closed,True,sample-org__ui-kit,58.81131326833333,True
1025,1025,henryrenee,2026-05-17 16:33:33+00:00,,2026-05-19 10:53:39.471312+00:00,2026-05-19 10:53:39.471312+00:00,closed,False,sample-org__ui-kit,,True
1026,1026,henryrenee,2026-08-14 16:33:33+00:00,2026-08-16 01:26:13.905078+00:00,2026-08-16 11:38:48.583037+00:00,2026-08-16 11:38:48.583037+00:00,closed,False,sample-org__ui-kit,32.87802918833333,True
1027,1027,lammarc,2026-02-12 05:08:01+00:00,2026-02-12 19:24:19.880577+00:00,2026-02-12 20:31:03.963020+00:00,2026-02-12 20:31:03.963020+00:00,closed,True,sample-org__ui-kit,14.27191127138889,True
1028,1028,lammarc,2026-02-25 05:08:01+00:00,2026-02-26 01:34:42.157737+00:00,2026-02-28 11:08:46.998342+00:00,2026-02-28 11:08:46.998342+00:00,closed,False,sample-org__ui-kit,20.444766038055555,True
1029,1029,lammarc,2026-04-02 05:08:01+00:00,2026-04-03 18:12:04.733610+00:00,2026-04-04 18:54:02.034482+00:00,2026-04-04 18:54:02.034482+00:00,closed,False,sample-org__ui-kit,37.067703780555554,True
1030,1030,lammarc,2026-06-22 05:08:01+00:00,,2026-06-22 21:42:34.575819+00:00,2026-06-22 21:42:34.575819+00:00,closed,False,sample-org__ui-kit,,True
1031,1031,cameronhill,2025-01-30 05:22:21+00:00,2025-01-31 16:43:50.368053+00:00,,,open,True,sample-org__ui-kit,35.3581577925,False
1032,1032,cameronhill,2025-03-23 05:22:21+00:00,2025-03-23 12:54:53.500487+00:00,2025-03-25 17:20:49.282389+00:00,2025-03-25 17:20:49.282389+00:00,closed,False,sample-org__ui-kit,7.542361246388889,True
1033,1033,oscar98,2024-09-29 19:55:37+00:00,2024-10-01 18:14:47.136491+00:00,2024-10-01 21:46:15.825418+00:00,2024-10-01 21:46:15.825418+00:00,closed,True,sample-org__ui-kit,46.31948235861111,True
1034,1034,oscar98,2024-10-26 19:55:37+00:00,2024-10-28 18:36:19.768141+00:00,2024-10-30 16:08:12.212799+00:00,2024-10-30 16:08:12.212799+00:00,closed,False,sample-org__ui-kit,46.678546705833334,True
1035,1035,oscar98,2025-01-12 19:55:37+00:00,2025-01-14 05:11:34.372168+00:00,2025-01-17 00:03:57.490229+00:00,2025-01-17 00:03:57.490229+00:00,closed,False,sample-org__ui-kit,33.26593671333333,True
1036,1036,shawn96,2025-04-10 00:20:37+00:00,2025-04-10 13:23:56.795489+00:00,2025-04-10 15:43:41.226315+00:00,2025-04-10 15:43:41.226315+00:00,closed,True,sample-org__ui-kit,13.055498746944444,True
1037,1037,shawn96,2025-07-02 00:20:37+00:00,2025-07-02 09:44:23.597488+00:00,2025-07-03 11:50:42.617620+00:00,2025-07-03 11:50:42.617620+00:00,closed,False,sample-org__ui-kit,9.396277079999999,True
1038,1038,shawn96,2025-07-31 00:20:37+00:00,,2025-07-31 04:03:24.860895+00:00,2025-07-31 04:03:24.860895+00:00,closed,False,sample-org__ui-kit,,True
1039,1039,shawn96,2025-09-27 00:20:37+00:00,,2025-09-28 05:30:10.139607+00:00,2025-09-28 05:30:10.139607+00:00,closed,False,sample-org__ui-kit,,True
1040,1040,mcguiredanny,2024-12-01 18:16:43+00:00,,2024-12-01 22:26:01.171216+00:00,2024-12-01 22:26:01.171216+00:00,closed,True,sample-org__ui-kit,,True
1041,1041,mcguiredanny,2025-01-05 18:16:43+00:00,2025-01-07 04:10:36.128435+00:00,,,open,False,sample-org__ui-kit,33.89809123194445,False
1042,1042,russellbeasley,2024-08-27 08:26:09+00:00,2024-08-28 00:24:41.789040+00:00,2024-08-30 05:24:53.725703+00:00,2024-08-30 05:24:53.725703+00:00,closed,True,sample-org__ui-kit,15.975774733333335,True
1043,1043,dmorgan,2025-12-14 14:29:44+00:00,,2025-12-14 19:07:18.058713+00:00,2025-12-14 19:07:18.058713+00:00,closed,True,sample-org__ui-kit,,True
1044,1044,gperry,2025-06-01 17:56:33+00:00,2025-06-04 08:24:09.174698+00:00,,,open,True,sample-org__ui-kit,62.46004852722222,False
1045,1045,ronald45,2025-04-30 10:07:43+00:00,2025-05-03 09:51:08.702169+00:00,2025-05-04 01:05:30.691101+00:00,2025-05-04 01:05:30.691101+00:00,closed,True,sample-org__ui-kit,71.72380615805555,True
1046,1046,gloriawells,2026-05-19 08:21:38+00:00,2026-05-20 20:17:36.431179+00:00,2026-05-21 19:54:21.174648+00:00,2026-05-21 19:54:21.174648+00:00,closed,True,sample-org__ui-kit,35.93289754972223,True
1047,1047,gloriawells,2026-06-16 08:21:38+00:00,2026-06-18 05:44:21.033885+00:00,2026-06-18 18:53:58.917616+00:00,2026-06-18 18:53:58.917616+00:00,closed,False,sample-org__ui-kit,45.37862052361111,True
1048,1048,deckerchristopher,2025-06-10 05:06:04+00:00,2025-06-10 19:21:14.186273+00:00,,,open,True,sample-org__ui-kit,14.252829520277778,False
1049,1049,deckerchristopher,2025-06-26 05:06:04+00:00,2025-06-27 05:01:29.846726+00:00,2025-06-27 18:43:57.899801+00:00,2025-06-27 18:43:57.899801+00:00,closed,False,sample-org__ui-kit,23.92384631277778,True
1050,1050,garnernathan,2025-11-23 13:58:50+00:00,2025-11-25 01:06:52.496368+00:00,2025-11-27 04:43:49.400185+00:00,2025-11-27 04:43:49.400185+00:00,closed,True,sample-org__ui-kit,35.13402676888889,True
1051,1051,garnernathan,2026-02-09 13:58:50+00:00,2026-02-11 15:52:41.779836+00:00,2026-02-13 09:11:28.725493+00:00,2026-02-13 09:11:28.725493+00:00,closed,False,sample-org__ui-kit,49.89771662111111,True
1052,1052,angelawillis,2025-12-28 10:35:28+00:00,2025-12-30 19:23:42.356359+00:00,2026-01-01 18:08:55.753066+00:00,2026-01-01 18:08:55.753066+00:00,closed,True,sample-org__ui-kit,56.8039878775,True
1053,1053,elizabeth65,2024-12-13 15:39:43+00:00,2024-12-16 06:34:41.694860+00:00,2024-12-16 20:35:46.739976+00:00,2024-12-16 20:35:46.739976+00:00,closed,True,sample-org__ui-kit,62.91630412777778,True
1054,1054,uparrish,2025-05-19 11:58:15+00:00,2025-05-22 11:42:34.883545+00:00,,,open,True,sample-org__ui-kit,71.73885654027778,False
1055,1055,schmittcaroline,2024-06-15 04:33:06+00:00,2024-06-15 17:56:31.048977+00:00,2024-06-17 00:17:46.800065+00:00,2024-06-17 00:17:46.800065+00:00,closed,True,sample-org__ui-kit,13.3902913825,True
1056,1056,schmittcaroline,2024-09-12 04:33:06+00:00,2024-09-13 19:50:57.373498+00:00,2024-09-14 08:08:22.959516+00:00,2024-09-14 08:08:22.959516+00:00,closed,False,sample-org__ui-kit,39.29760374944444,True
1057,1057,schmittcaroline,2024-11-22 04:33:06+00:00,2024-11-22 14:20:55.717823+00:00,2024-11-24 09:18:27.700698+00:00,2024-11-24 09:18:27.700698+00:00,closed,False,sample-org__ui-kit,9.797143839722223,True
1058,1058,dale83,2025-06-15 14:10:18+00:00,2025-06-17 11:23:22.588729+00:00,2025-06-17 17:55:12.398031+00:00,2025-06-17 17:55:12.398031+00:00,closed,True,sample-org__ui-kit,45.217941313611114,True
1059,1059,dale83,2025-09-06 14:10:18+00:00,2025-09-07 14:00:13.664798+00:00,2025-09-08 14:06:20.305696+00:00,2025-09-08 14:06:20.305696+00:00,closed,False,sample-org__ui-kit,23.832129110555556,True
1060,1060,dianewalker,2024-09-30 16:14:34+00:00,2024-10-01 11:42:32.269727+00:00,2024-10-03 07:11:07.316543+00:00,2024-10-03 07:11:07.316543+00:00,closed,True,sample-org__ui-kit,19.46618603527778,True
1061,1061,bellangela,2025-08-11 14:49:35+00:00,2025-08-12 04:00:32.206264+00:00,2025-08-12 14:52:19.324367+00:00,2025-08-12 14:52:19.324367+00:00,closed,True,sample-org__ui-kit,13.182557295555556,True
1062,1062,farmeraudrey,2024-01-01 06:52:21+00:00,2024-01-03 20:40:46.025046+00:00,2024-01-04 18:22:34.256642+00:00,2024-01-04 18:22:34.256642+00:00,closed,True,sample-org__ui-kit,61.806951401666666,True
1063,1063,farmeraudrey,2024-03-29 06:52:21+00:00,2024-03-29 18:08:13.142576+00:00,2024-03-30 17:36:55.519106+00:00,2024-03-30 17:36:55.519106+00:00,closed,False,sample-org__ui-kit,11.264484048888889,True
1064,1064,farmeraudrey,2024-06-19 06:52:21+00:00,2024-06-19 22:13:00.917478+00:00,2024-06-21 23:27:56.179372+00:00,2024-06-21 23:27:56.179372+00:00,closed,False,sample-org__ui-kit,15.344421521666668,True
1065,1065,farmeraudrey,2024-08-23 06:52:21+00:00,2024-08-23 20:10:34.494363+00:00,2024-08-25 14:32:59.509895+00:00,2024-08-25 14:32:59.509895+00:00,closed,False,sample-org__ui-kit,13.303748434166666,True
1066,1066,xbruce,2025-09-19 21:34:18+00:00,,,,open,True,sample-org__ui-kit,,False
1067,1067,xbruce,2025-12-08 21:34:18+00:00,2025-12-09 18:10:31.205998+00:00,2025-12-12 16:39:45.962322+00:00,2025-12-12 16:39:45.962322+00:00,closed,False,sample-org__ui-kit,20.60366833277778,True
1068,1068,xbruce,2026-01-01 21:34:18+00:00,2026-01-02 17:26:53.636947+00:00,2026-01-05 07:54:41.352121+00:00,2026-01-05 07:54:41.352121+00:00,closed,False,sample-org__ui-kit,19.876565818611112,True
1069,1069,xbruce,2026-02-10 21:34:18+00:00,2026-02-10 23:21:09.404376+00:00,2026-02-13 02:53:18.749753+00:00,2026-02-13 02:53:18.749753+00:00,closed,False,sample-org__ui-kit,1.7809456600000002,True
1070,1070,xbruce,2026-04-12 21:34:18+00:00,2026-04-14 01:54:22.463629+00:00,2026-04-15 17:36:34.825834+00:00,2026-04-15 17:36:34.825834+00:00,closed,False,sample-org__ui-kit,28.33457323027778,True
1071,1071,lynchdiane,2024-10-19 09:36:18+00:00,,2024-10-22 01:04:09.242771+00:00,2024-10-22 01:04:09.242771+00:00,closed,True,sample-org__ui-kit,,True
1072,1072,lynchdiane,2024-11-14 09:36:18+00:00,2024-11-14 19:44:59.721593+00:00,,,open,False,sample-org__ui-kit,10.144922664722223,False
1073,1073,lynchdiane,2024-12-03 09:36:18+00:00,2024-12-04 00:37:12.698917+00:00,2024-12-06 00:19:58.762622+00:00,2024-12-06 00:19:58.762622+00:00,closed,False,sample-org__ui-kit,15.015194143611112,True
1074,1074,anthony44,2025-07-05 22:48:49+00:00,2025-07-06 17:37:07.149459+00:00,2025-07-06 19:08:46.255286+00:00,2025-07-06 19:08:46.255286+00:00,closed,True,sample-org__ui-kit,18.805041516388886,True
1075,1075,michael22,2025-01-02 18:40:42+00:00,2025-01-03 20:00:39.521673+00:00,,,open,True,sample-org__ui-kit,25.332644909166664,False
1076,1076,michael22,2025-01-16 18:40:42+00:00,2025-01-17 03:07:55.528471+00:00,2025-01-19 06:10:43.506348+00:00,2025-01-19 06:10:43.506348+00:00,closed,False,sample-org__ui-kit,8.453757908611111,True
1077,1077,michael22,2025-02-09 18:40:42+00:00,,,,open,False,sample-org__ui-kit,,False
1078,1078,vjones,2025-03-10 01:32:47+00:00,,2025-03-10 09:19:33.887247+00:00,2025-03-10 09:19:33.887247+00:00,closed,True,sample-org__ui-kit,,True
1079,1079,vjones,2025-05-19 01:32:47+00:00,2025-05-19 06:27:14.014799+00:00,2025-05-21 08:01:23.334093+00:00,2025-05-21 08:01:23.334093+00:00,closed,False,sample-org__ui-kit,4.907504110833333,True
1080,1080,davisalyssa,2025-04-30 10:50:02+00:00,2025-04-30 13:49:22.332986+00:00,2025-04-30 15:35:18.570066+00:00,2025-04-30 15:35:18.570066+00:00,closed,True,sample-org__ui-kit,2.9889813849999998,True
1081,1081,davisalyssa,2025-07-07 10:50:02+00:00,2025-07-07 14:00:14.601611+00:00,2025-07-08 20:53:46.318598+00:00,2025-07-08 20:53:46.318598+00:00,closed,False,sample-org__ui-kit,3.1701671141666665,True
1082,1082,davisalyssa,2025-08-23 10:50:02+00:00,2025-08-24 05:29:31.185505+00:00,2025-08-24 09:00:00.572494+00:00,2025-08-24 09:00:00.572494+00:00,closed,False,sample-org__ui-kit,18.65810708472222,True
1083,1083,davisalyssa,2025-11-17 10:50:02+00:00,2025-11-18 06:44:47.795863+00:00,2025-11-18 12:06:26.176125+00:00,2025-11-18 12:06:26.176125+00:00,closed,False,sample-org__ui-kit,19.912721073055557,True
1084,1084,davisalyssa,2026-01-26 10:50:02+00:00,,2026-01-28 05:00:25.014837+00:00,2026-01-28 05:00:25.014837+00:00,closed,False,sample-org__ui-kit,,True
1085,1085,vbarnes,2024-02-12 09:44:47+00:00,2024-02-13 13:22:03.994900+00:00,2024-02-13 23:46:40.902673+00:00,2024-02-13 23:46:40.902673+00:00,closed,True,sample-org__ui-kit,27.621387472222224,True
1086,1086,vbarnes,2024-03-28 09:44:47+00:00,2024-03-29 11:48:20.265352+00:00,2024-03-30 07:02:58.147535+00:00,2024-03-30 07:02:58.147535+00:00,closed,False,sample-org__ui-kit,26.059240375555557,True
1087,1087,vbarnes,2024-04-21 09:44:47+00:00,,2024-04-23 10:02:47.181674+00:00,2024-04-23 10:02:47.181674+00:00,closed,False,sample-org__ui-kit,,True
1088,1088,vbarnes,2024-06-17 09:44:47+00:00,,2024-06-18 05:47:43.161468+00:00,2024-06-18 05:47:43.161468+00:00,closed,False,sample-org__ui-kit,,True
1089,1089,vbarnes,2024-07-27 09:44:47+00:00,,2024-07-28 11:35:18.947609+00:00,2024-07-28 11:35:18.947609+00:00,closed,False,sample-org__ui-kit,,True
1090,1090,mitchellgriffith,2024-08-27 11:08:22+00:00,2024-08-28 21:22:45.182202+00:00,2024-08-30 01:35:02.665599+00:00,2024-08-30 01:35:02.665599+00:00,closed,True,sample-org__ui-kit,34.239772833888885,True
1091,1091,mitchellgriffith,2024-11-01 11:08:22+00:00,2024-11-02 05:46:33.285432+00:00,2024-11-04 18:32:45.809239+00:00,2024-11-04 18:32:45.809239+00:00,closed,False,sample-org__ui-kit,18.636468175555557,True
1092,1092,mitchellgriffith,2024-11-17 11:08:22+00:00,2024-11-17 22:09:58.430370+00:00,2024-11-20 04:48:20.123248+00:00,2024-11-20 04:48:20.123248+00:00,closed,False,sample-org__ui-kit,11.02678621388889,True
1093,1093,mitchellgriffith,2024-12-11 11:08:22+00:00,2024-12-12 22:59:16.185060+00:00,2024-12-14 09:48:09.836176+00:00,2024-12-14 09:48:09.836176+00:00,closed,False,sample-org__ui-kit,35.84838473888889,True
1094,1094,wareeric,2024-03-04 17:14:51+00:00,2024-03-06 08:17:43.174347+00:00,2024-03-07 10:25:01.635320+00:00,2024-03-07 10:25:01.635320+00:00,closed,True,sample-org__ui-kit,39.047826207499995,True
1095,1095,craigjoseph,2025-02-27 10:54:50+00:00,2025-02-28 06:53:06.328702+00:00,2025-03-01 11:39:25.230701+00:00,2025-03-01 11:39:25.230701+00:00,closed,True,sample-org__ui-kit,19.971202417222223,True
1096,1096,ctucker,2024-10-29 19:21:22+00:00,2024-10-31 18:19:18.517544+00:00,2024-11-01 17:33:50.285547+00:00,2024-11-01 17:33:50.285547+00:00,closed,True,sample-org__ui-kit,46.965699317777776,True
1097,1097,ctucker,2024-11-09 19:21:22+00:00,2024-11-10 02:09:10.959527+00:00,,,open,False,sample-org__ui-kit,6.796933201944444,False
1098,1098,ctucker,2024-12-01 19:21:22+00:00,,2024-12-03 21:31:35.685551+00:00,2024-12-03 21:31:35.685551+00:00,closed,False,sample-org__ui-kit,,True
1099,1099,ctucker,2025-01-24 19:21:22+00:00,2025-01-25 17:41:39.544337+00:00,2025-01-25 20:22:37.385199+00:00,2025-01-25 20:22:37.385199+00:00,closed,False,sample-org__ui-kit,22.338206760277778,True
1100,1100,wnelson,2026-05-29 08:34:28+00:00,2026-05-31 10:36:14.168898+00:00,,,open,True,sample-org__ui-kit,50.029491360555554,False
1101,1101,wnelson,2026-07-01 08:34:28+00:00,2026-07-02 04:13:18.519148+00:00,2026-07-04 02:34:30.816953+00:00,2026-07-04 02:34:30.816953+00:00,closed,False,sample-org__ui-kit,19.64736643,True
1102,1102,reeddaniel,2025-05-17 09:22:47+00:00,2025-05-19 19:25:01.442609+00:00,2025-05-20 16:06:16.122894+00:00,2025-05-20 16:06:16.122894+00:00,closed,True,sample-org__ui-kit,58.03734516916666,True
1103,1103,trose,2025-09-01 22:28:23+00:00,2025-09-03 17:07:11.238574+00:00,2025-09-04 09:37:30.827513+00:00,2025-09-04 09:37:30.827513+00:00,closed,True,sample-org__ui-kit,42.64673293722222,True
1104,1104,walkertracey,2025-02-06 08:04:49+00:00,2025-02-08 16:17:13.277892+00:00,,,open,True,sample-org__ui-kit,56.20674385888889,False
1105,1105,smithkevin,2025-11-23 15:41:16+00:00,2025-11-26 02:49:18.482615+00:00,,,open,True,sample-org__ui-kit,59.134022948611104,False
1106,1106,katrinaduran,2025-02-17 21:28:19+00:00,2025-02-19 06:55:22.545132+00:00,2025-02-20 11:42:26.586592+00:00,2025-02-20 11:42:26.586592+00:00,closed,True,sample-org__ui-kit,33.450984758888886,True
1107,1107,mark07,2026-02-01 05:51:21+00:00,2026-02-01 10:39:53.441154+00:00,,,open,True,sample-org__ui-kit,4.809011431666667,False
1108,1108,mark07,2026-03-11 05:51:21+00:00,2026-03-12 03:56:42.139243+00:00,,,open,False,sample-org__ui-kit,22.089205345277776,False
1109,1109,mark07,2026-05-21 05:51:21+00:00,2026-05-22 15:17:48.102209+00:00,2026-05-23 15:58:15.292810+00:00,2026-05-23 15:58:15.292810+00:00,closed,False,sample-org__ui-kit,33.440861724722225,True
1110,1110,mark07,2026-07-08 05:51:21+00:00,2026-07-09 14:40:13.092220+00:00,2026-07-11 12:33:41.950019+00:00,2026-07-11 12:33:41.950019+00:00,closed,False,sample-org__ui-kit,32.814470061111116,True
1111,1111,mark07,2026-07-29 05:51:21+00:00,2026-07-29 06:22:11.624567+00:00,2026-07-31 19:05:37.638237+00:00,2026-07-31 19:05:37.638237+00:00,closed,False,sample-org__ui-kit,0.5140623797222222,True
1112,1112,ythompson,2024-10-01 08:48:27+00:00,2024-10-04 03:28:46.341144+00:00,2024-10-06 03:23:29.974203+00:00,2024-10-06 03:23:29.974203+00:00,closed,True,sample-org__ui-kit,66.67203920666667,True
1113,1113,vincentwhitaker,2024-06-14 20:36:00+00:00,2024-06-15 10:31:09.696373+00:00,2024-06-17 15:43:38.557555+00:00,2024-06-17 15:43:38.557555+00:00,closed,True,sample-org__ui-kit,13.91936010361111,True
1114,1114,charles06,2024-04-07 20:32:07+00:00,2024-04-08 09:16:39.133994+00:00,2024-04-11 06:47:21.337030+00:00,2024-04-11 06:47:21.337030+00:00,closed,True,sample-org__ui-kit,12.74225944277778,True
1115,1115,charles06,2024-06-13 20:32:07+00:00,2024-06-14 19:12:16.885752+00:00,2024-06-15 20:10:57.761040+00:00,2024-06-15 20:10:57.761040+00:00,closed,False,sample-org__ui-kit,22.66941270888889,True
1116,1116,charles06,2024-06-28 20:32:07+00:00,2024-06-29 15:57:58.515757+00:00,2024-06-30 07:59:43.457461+00:00,2024-06-30 07:59:43.457461+00:00,closed,False,sample-org__ui-kit,19.430976599166666,True
1117,1117,charles06,2024-09-12 20:32:07+00:00,,2024-09-13 08:36:39.547723+00:00,2024-09-13 08:36:39.547723+00:00,closed,False,sample-org__ui-kit,,True
1118,1118,stevenschristian,2026-01-02 00:20:28+00:00,2026-01-03 16:04:29.020997+00:00,2026-01-05 15:08:18.829722+00:00,2026-01-05 15:08:18.829722+00:00,closed,True,sample-org__ui-kit,39.73361694361112,True
1119,1119,stevenschristian,2026-01-13 00:20:28+00:00,2026-01-13 22:35:41.786873+00:00,2026-01-16 07:56:50.766804+00:00,2026-01-16 07:56:50.766804+00:00,closed,False,sample-org__ui-kit,22.253829686944446,True
1120,1120,stevenschristian,2026-03-22 00:20:28+00:00,2026-03-23 00:34:54.011572+00:00,2026-03-25 12:53:30.022899+00:00,2026-03-25 12:53:30.022899+00:00,closed,False,sample-org__ui-kit,24.24055877,True
1121,1121,stevenschristian,2026-04-09 00:20:28+00:00,2026-04-09 23:16:48.963209+00:00,2026-04-12 09:01:18.150038+00:00,2026-04-12 09:01:18.150038+00:00,closed,False,sample-org__ui-kit,22.93915644694444,True
1122,1122,barbara96,2025-09-16 11:58:02+00:00,2025-09-17 07:10:20.532879+00:00,2025-09-19 01:03:57.700751+00:00,2025-09-19 01:03:57.700751+00:00,closed,True,sample-org__ui-kit,19.205148021944446,True
1123,1123,zroberts,2025-03-01 11:29:04+00:00,2025-03-03 09:50:04.123997+00:00,2025-03-06 04:33:26.789618+00:00,2025-03-06 04:33:26.789618+00:00,closed,True,sample-org__ui-kit,46.35003444361111,True
1124,1124,zroberts,2025-03-16 11:29:04+00:00,2025-03-17 19:31:55.673705+00:00,,,open,False,sample-org__ui-kit,32.04768714027777,False
1125,1125,zroberts,2025-06-14 11:29:04+00:00,,,,open,False,sample-org__ui-kit,,False
1126,1126,burchgeorge,2025-03-16 18:16:43+00:00,2025-03-16 20:08:07.798812+00:00,2025-03-18 22:17:34.588174+00:00,2025-03-18 22:17:34.588174+00:00,closed,True,sample-org__ui-kit,1.8568885588888888,True
1127,1127,burchgeorge,2025-04-21 18:16:43+00:00,2025-04-22 21:42:00.738023+00:00,2025-04-23 15:41:13.998804+00:00,2025-04-23 15:41:13.998804+00:00,closed,False,sample-org__ui-kit,27.421593895277777,True
1128,1128,burchgeorge,2025-05-23 18:16:43+00:00,2025-05-24 23:36:45.798268+00:00,2025-05-25 03:17:01.780050+00:00,2025-05-25 03:17:01.780050+00:00,closed,False,sample-org__ui-kit,29.334110629999998,True
1129,1129,burchgeorge,2025-06-25 18:16:43+00:00,2025-06-26 10:03:15.872723+00:00,,,open,False,sample-org__ui-kit,15.775797978611111,False
1130,1130,burchgeorge,2025-08-12 18:16:43+00:00,,2025-08-12 20:06:11.102552+00:00,2025-08-12 20:06:11.102552+00:00,closed,False,sample-org__ui-kit,,True
1131,1131,xcollier,2024-08-19 19:13:42+00:00,2024-08-19 23:12:07.368432+00:00,2024-08-20 03:15:47.716136+00:00,2024-08-20 03:15:47.716136+00:00,closed,True,sample-org__ui-kit,3.973713453333333,True
1132,1132,xcollier,2024-10-14 19:13:42+00:00,,2024-10-16 03:35:24.071764+00:00,2024-10-16 03:35:24.071764+00:00,closed,False,sample-org__ui-kit,,True
1133,1133,kimdaniel,2025-12-04 22:34:05+00:00,2025-12-07 20:06:56.600655+00:00,2025-12-09 07:33:18.293479+00:00,2025-12-09 07:33:18.293479+00:00,closed,True,sample-org__ui-kit,69.5476668486111,True
1134,1134,kimdaniel,2025-12-28 22:34:05+00:00,2025-12-30 01:11:26.348629+00:00,,,open,False,sample-org__ui-kit,26.622596841388887,False
1135,1135,hchapman,2025-05-21 09:07:43+00:00,,,,open,True,sample-org__ui-kit,,False
1136,1136,hchapman,2025-06-29 09:07:43+00:00,2025-06-30 17:14:18.512799+00:00,,,open,False,sample-org__ui-kit,32.10986466638889,False
1137,1137,fosterkyle,2025-08-06 08:51:43+00:00,2025-08-07 22:26:36.758699+00:00,2025-08-08 14:47:28.574128+00:00,2025-08-08 14:47:28.574128+00:00,closed,True,sample-org__ui-kit,37.58159963861111,True
1138,1138,fosterkyle,2025-11-02 08:51:43+00:00,2025-11-03 01:09:50.322032+00:00,2025-11-04 05:39:51.947706+00:00,2025-11-04 05:39:51.947706+00:00,closed,False,sample-org__ui-kit,16.302033897777775,True
1139,1139,jeffrey21,2024-10-28 14:37:12+00:00,,,,open,True,sample-org__ui-kit,,False
1140,1140,schmidtjames,2025-06-17 17:26:31+00:00,,2025-06-18 06:04:26.044511+00:00,2025-06-18 06:04:26.044511+00:00,closed,True,sample-org__ui-kit,,True
1141,1141,michael23,2026-05-08 16:13:25+00:00,2026-05-10 04:44:26.495284+00:00,2026-05-11 23:44:34.565987+00:00,2026-05-11 23:44:34.565987+00:00,closed,True,sample-org__ui-kit,36.51708202333334,True
1142,1142,michael23,2026-07-16 16:13:25+00:00,2026-07-17 07:10:58.120407+00:00,2026-07-19 12:00:50.658494+00:00,2026-07-19 12:00:50.658494+00:00,closed,False,sample-org__ui-kit,14.959200113055557,True
1143,1143,michael23,2026-08-26 16:13:25+00:00,2026-08-27 12:26:30.291902+00:00,2026-08-30 07:17:34.098445+00:00,2026-08-30 07:17:34.098445+00:00,closed,False,sample-org__ui-kit,20.218136639444445,True
1144,1144,thomasjames,2024-01-08 21:18:21+00:00,2024-01-11 05:59:12.126217+00:00,,,open,True,sample-org__ui-kit,56.680868393611114,False
1145,1145,kathleenrios,2026-02-22 06:32:50+00:00,2026-02-24 18:37:58.037277+00:00,2026-02-27 05:56:40.098862+00:00,2026-02-27 05:56:40.098862+00:00,closed,True,sample-org__ui-kit,60.08556591027778,True
1146,1146,stephanieburton,2024-05-09 01:52:35+00:00,2024-05-10 14:19:40.953067+00:00,2024-05-13 10:46:24.056783+00:00,2024-05-13 10:46:24.056783+00:00,closed,True,sample-org__ui-kit,36.45165362972222,True
1147,1147,stephanieburton,2024-06-04 01:52:35+00:00,2024-06-04 14:53:40.647414+00:00,2024-06-04 17:01:32.397449+00:00,2024-06-04 17:01:32.397449+00:00,closed,False,sample-org__ui-kit,13.018235392777777,True
1148,1148,wwebster,2025-12-22 06:12:05+00:00,2025-12-24 02:33:27.512679+00:00,2025-12-25 06:53:02.653557+00:00,2025-12-25 06:53:02.653557+00:00,closed,True,sample-org__ui-kit,44.356253521944446,True
1149,1149,wwebster,2026-02-12 06:12:05+00:00,2026-02-12 13:51:20.498399+00:00,2026-02-14 16:25:03.352261+00:00,2026-02-14 16:25:03.352261+00:00,closed,False,sample-org__ui-kit,7.6543051108333335,True
1150,1150,kmaldonado,2024-11-17 18:58:42+00:00,2024-11-18 20:55:47.174058+00:00,2024-11-21 02:10:07.630738+00:00,2024-11-21 02:10:07.630738+00:00,closed,True,sample-org__ui-kit,25.951437238333334,True
1151,1151,kmaldonado,2024-12-04 18:58:42+00:00,,2024-12-05 00:08:21.395017+00:00,2024-12-05 00:08:21.395017+00:00,closed,False,sample-org__ui-kit,,True
1152,1152,michelle52,2025-01-05 16:52:19+00:00,2025-01-06 17:47:57.439825+00:00,2025-01-09 00:12:39.476853+00:00,2025-01-09 00:12:39.476853+00:00,closed,True,sample-org__ui-kit,24.92734439583333,True
1153,1153,michelle52,2025-02-10 16:52:19+00:00,2025-02-11 13:22:40.334815+00:00,2025-02-14 06:07:52.019348+00:00,2025-02-14 06:07:52.019348+00:00,closed,False,sample-org__ui-kit,20.5059263375,True
1154,1154,michelle52,2025-04-25 16:52:19+00:00,,2025-04-26 14:02:57.347369+00:00,2025-04-26 14:02:57.347369+00:00,closed,False,sample-org__ui-kit,,True
1155,1155,michelle52,2025-05-13 16:52:19+00:00,2025-05-14 01:23:32.706517+00:00,2025-05-16 13:17:28.198113+00:00,2025-05-16 13:17:28.198113+00:00,closed,False,sample-org__ui-kit,8.5204740325,True
1156,1156,cjones,2026-04-07 18:17:29+00:00,2026-04-09 19:57:24.885938+00:00,2026-04-11 20:45:42.022135+00:00,2026-04-11 20:45:42.022135+00:00,closed,True,sample-org__ui-kit,49.665523871666664,True
1157,1157,cjones,2026-04-25 18:17:29+00:00,2026-04-27 02:03:04.373886+00:00,,,open,False,sample-org__ui-kit,31.759826079444444,False
1158,1158,cjones,2026-06-24 18:17:29+00:00,2026-06-26 19:07:06.407312+00:00,2026-06-27 16:35:34.466284+00:00,2026-06-27 16:35:34.466284+00:00,closed,False,sample-org__ui-kit,48.82705758666667,True
1159,1159,laura90,2026-04-21 02:09:29+00:00,2026-04-23 09:55:29.388913+00:00,2026-04-23 12:27:00.264399+00:00,2026-04-23 12:27:00.264399+00:00,closed,True,sample-org__ui-kit,55.766774698055556,True
1160,1160,william47,2025-05-21 21:35:05+00:00,2025-05-22 15:47:54.609977+00:00,2025-05-24 07:44:23.212843+00:00,2025-05-24 07:44:23.212843+00:00,closed,True,sample-org__ui-kit,18.213780549166668,True
1161,1161,william47,2025-07-28 21:35:05+00:00,2025-07-29 14:55:29.784914+00:00,2025-07-30 04:07:05.794175+00:00,2025-07-30 04:07:05.794175+00:00,closed,False,sample-org__ui-kit,17.340218031666666,True
1162,1162,william47,2025-09-09 21:35:05+00:00,2025-09-11 01:06:30.172975+00:00,2025-09-12 04:30:48.405096+00:00,2025-09-12 04:30:48.405096+00:00,closed,False,sample-org__ui-kit,27.52365915972222,True
1163,1163,william47,2025-10-25 21:35:05+00:00,2025-10-26 18:09:46.105639+00:00,2025-10-28 03:32:00.928544+00:00,2025-10-28 03:32:00.928544+00:00,closed,False,sample-org__ui-kit,20.578084899722224,True
1164,1164,xjohnson,2024-09-06 18:40:52+00:00,2024-09-07 16:57:24.338895+00:00,2024-09-10 05:32:57.515503+00:00,2024-09-10 05:32:57.515503+00:00,closed,True,sample-org__ui-kit,22.275649693055552,True
1165,1165,xjohnson,2024-10-05 18:40:52+00:00,2024-10-06 18:38:21.183957+00:00,2024-10-08 12:25:49.817657+00:00,2024-10-08 12:25:49.817657+00:00,closed,False,sample-org__ui-kit,23.958106654722222,True
1166,1166,chase19,2025-06-18 03:32:45+00:00,2025-06-19 20:07:27.185092+00:00,2025-06-22 18:22:56.212616+00:00,2025-06-22 18:22:56.212616+00:00,closed,True,sample-org__ui-kit,40.578384747777775,True
1167,1167,jford,2025-05-12 10:35:23+00:00,2025-05-15 05:27:57.686755+00:00,2025-05-17 04:25:13.240898+00:00,2025-05-17 04:25:13.240898+00:00,closed,True,sample-org__ui-kit,66.8763018763889,True
1168,1168,colelisa,2025-03-26 05:32:25+00:00,2025-03-29 18:34:55.757986+00:00,2025-03-31 18:55:52.262146+00:00,2025-03-31 18:55:52.262146+00:00,closed,True,sample-org__ui-kit,85.04187721833333,True
1169,1169,colelisa,2025-06-16 05:32:25+00:00,2025-06-16 20:58:58.963212+00:00,2025-06-17 05:57:26.836439+00:00,2025-06-17 05:57:26.836439+00:00,closed,False,sample-org__ui-kit,15.442767558888889,True
1170,1170,colelisa,2025-08-26 05:32:25+00:00,,2025-08-26 16:56:21.593807+00:00,2025-08-26 16:56:21.593807+00:00,closed,False,sample-org__ui-kit,,True
1171,1171,colelisa,2025-11-14 05:32:25+00:00,2025-11-15 04:02:07.032337+00:00,2025-11-15 20:40:52.274567+00:00,2025-11-15 20:40:52.274567+00:00,closed,False,sample-org__ui-kit,22.4950089825,True
1172,1172,marcalvarez,2025-03-07 17:52:33+00:00,2025-03-09 03:37:47.808953+00:00,,,open,True,sample-org__ui-kit,33.754113598055554,False
1173,1173,susanhayes,2024-05-15 17:38:53+00:00,2024-05-18 00:23:57.949156+00:00,2024-05-19 13:43:11.622533+00:00,2024-05-19 13:43:11.622533+00:00,closed,True,sample-org__ui-kit,54.75137476555555,True
1174,1174,toni18,2025-07-14 21:28:26+00:00,2025-07-15 23:41:14.564032+00:00,2025-07-17 04:06:04.949255+00:00,2025-07-17 04:06:04.949255+00:00,closed,True,sample-org__ui-kit,26.213490008888886,True
1175,1175,toni18,2025-07-25 21:28:26+00:00,2025-07-26 14:27:33.276706+00:00,2025-07-29 05:32:04.800368+00:00,2025-07-29 05:32:04.800368+00:00,closed,False,sample-org__ui-kit,16.985354640555556,True
1176,1176,toni18,2025-08-15 21:28:26+00:00,2025-08-17 07:06:04.279940+00:00,2025-08-19 23:08:07.206398+00:00,2025-08-19 23:08:07.206398+00:00,closed,False,sample-org__ui-kit,33.62729998333333,True
1177,1177,toni18,2025-10-17 21:28:26+00:00,2025-10-18 21:34:15.607126+00:00,2025-10-21 19:27:59.795196+00:00,2025-10-21 19:27:59.795196+00:00,closed,False,sample-org__ui-kit,24.097113090555556,True
1178,1178,benjaminzimmerman,2025-10-05 10:15:49+00:00,2025-10-05 20:47:36.936292+00:00,2025-10-06 03:54:18.466527+00:00,2025-10-06 03:54:18.466527+00:00,closed,True,sample-org__ui-kit,10.529982303333332,True
1179,1179,nwarren,2025-12-18 21:04:51+00:00,2025-12-19 16:42:45.550841+00:00,2025-12-20 20:49:05.843382+00:00,2025-12-20 20:49:05.843382+00:00,closed,True,sample-org__ui-kit,19.631819678055557,True
1180,1180,michaelhardin,2025-04-14 03:06:40+00:00,,2025-04-15 13:30:58.288823+00:00,2025-04-15 13:30:58.288823+00:00,closed,True,sample-org__ui-kit,,True
1181,1181,michaelhardin,2025-04-27 03:06:40+00:00,2025-04-28 01:19:58.847161+00:00,2025-04-29 23:48:44.758627+00:00,2025-04-29 23:48:44.758627+00:00,closed,False,sample-org__ui-kit,22.221901989166668,True
1182,1182,vortiz,2025-07-15 23:22:19+00:00,2025-07-16 15:23:40.471113+00:00,2025-07-18 12:58:56.260849+00:00,2025-07-18 12:58:56.260849+00:00,closed,True,sample-org__ui-kit,16.02263086472222,True
1183,1183,vortiz,2025-09-23 23:22:19+00:00,2025-09-25 22:42:43.438536+00:00,2025-09-28 03:45:07.316890+00:00,2025-09-28 03:45:07.316890+00:00,closed,False,sample-org__ui-kit,47.340121815555555,True
1184,1184,vortiz,2025-10-05 23:22:19+00:00,2025-10-06 14:54:39.846681+00:00,2025-10-07 03:28:23.599354+00:00,2025-10-07 03:28:23.599354+00:00,closed,False,sample-org__ui-kit,15.539124078055556,True
1185,1185,mccormickdeborah,2024-03-16 16:13:23+00:00,2024-03-17 14:36:50.783641+00:00,2024-03-18 04:37:28.843980+00:00,2024-03-18 04:37:28.843980+00:00,closed,True,sample-org__ui-kit,22.39105101138889,True
1186,1186,mccormickdeborah,2024-04-07 16:13:23+00:00,2024-04-09 06:04:15.340187+00:00,2024-04-09 18:56:15.281518+00:00,2024-04-09 18:56:15.281518+00:00,closed,False,sample-org__ui-kit,37.84787227416666,True
1187,1187,mccormickdeborah,2024-05-28 16:13:23+00:00,2024-05-30 07:45:50.435435+00:00,2024-05-31 06:08:24.517604+00:00,2024-05-31 06:08:24.517604+00:00,closed,False,sample-org__ui-kit,39.5409542875,True
1188,1188,riveraangela,2026-02-20 23:28:28+00:00,,2026-02-23 16:39:55.700894+00:00,2026-02-23 16:39:55.700894+00:00,closed,True,sample-org__ui-kit,,True
1189,1189,umitchell,2026-03-27 13:45:27+00:00,2026-03-29 18:09:55.326140+00:00,2026-03-31 00:47:49.029537+00:00,2026-03-31 00:47:49.029537+00:00,closed,True,sample-org__ui-kit,52.40786837222222,True
1190,1190,mathewaguilar,2025-04-29 00:18:02+00:00,,2025-05-01 23:55:07.891298+00:00,2025-05-01 23:55:07.891298+00:00,closed,True,sample-org__ui-kit,,True
1191,1191,mathewaguilar,2025-07-14 00:18:02+00:00,2025-07-14 21:28:15.812016+00:00,2025-07-15 00:30:46.749730+00:00,2025-07-15 00:30:46.749730+00:00,closed,False,sample-org__ui-kit,21.170503337777777,True
1192,1192,sabrinacollins,2026-01-22 06:19:51+00:00,2026-01-22 13:32:20.381757+00:00,,,open,True,sample-org__ui-kit,7.208161599166666,False
1193,1193,sabrinacollins,2026-04-07 06:19:51+00:00,2026-04-07 12:15:44.427884+00:00,2026-04-07 16:20:07.178278+00:00,2026-04-07 16:20:07.178278+00:00,closed,False,sample-org__ui-kit,5.931507745555556,True
1194,1194,tanderson,2024-05-29 21:54:53+00:00,2024-05-30 12:22:10.566101+00:00,2024-06-02 05:21:10.862145+00:00,2024-06-02 05:21:10.862145+00:00,closed,True,sample-org__ui-kit,14.454879472499998,True
1195,1195,tanderson,2024-07-01 21:54:53+00:00,2024-07-02 16:09:56.693908+00:00,,,open,False,sample-org__ui-kit,18.251026085555555,False
1196,1196,tanderson,2024-08-15 21:54:53+00:00,2024-08-16 14:42:16.968710+00:00,2024-08-17 16:24:03.988787+00:00,2024-08-17 16:24:03.988787+00:00,closed,False,sample-org__ui-kit,16.789991308333335,True
1197,1197,tanderson,2024-09-14 21:54:53+00:00,2024-09-16 09:57:01.886324+00:00,2024-09-17 22:47:56.685271+00:00,2024-09-17 22:47:56.685271+00:00,closed,False,sample-org__ui-kit,36.03580175666667,True
1198,1198,tanderson,2024-10-02 21:54:53+00:00,,,,open,False,sample-org__ui-kit,,False
1199,1199,tanderson,2024-12-25 21:54:53+00:00,2024-12-26 19:26:39.512404+00:00,2024-12-29 16:54:25.339404+00:00,2024-12-29 16:54:25.339404+00:00,closed,False,sample-org__ui-kit,21.529586778888888,True
1200,1200,collinsnicholas,2026-04-14 09:31:37+00:00,,2026-04-17 04:38:50.724012+00:00,2026-04-17 04:38:50.724012+00:00,closed,True,sample-org__ui-kit,,True
1201,1201,lisa81,2026-01-07 10:40:36+00:00,2026-01-07 18:23:20.411856+00:00,2026-01-08 20:34:53.003222+00:00,2026-01-08 20:34:53.003222+00:00,closed,True,sample-org__ui-kit,7.712336626666667,True
1202,1202,lisa81,2026-03-06 10:40:36+00:00,2026-03-07 21:34:00.160521+00:00,2026-03-09 11:04:42.716856+00:00,2026-03-09 11:04:42.716856+00:00,closed,False,sample-org__ui-kit,34.89004458916666,True
1203,1203,lisa81,2026-05-07 10:40:36+00:00,2026-05-09 15:34:18.656633+00:00,,,open,False,sample-org__ui-kit,52.89518239805556,False
1204,1204,lisa81,2026-05-31 10:40:36+00:00,2026-06-02 10:53:43.905034+00:00,2026-06-03 23:05:54.479845+00:00,2026-06-03 23:05:54.479845+00:00,closed,False,sample-org__ui-kit,48.21886250944444,True
1205,1205,lisa81,2026-07-26 10:40:36+00:00,2026-07-27 01:18:15.853597+00:00,,,open,False,sample-org__ui-kit,14.627737110277778,False
1206,1206,lisa81,2026-09-15 10:40:36+00:00,2026-09-15 12:18:04.444815+00:00,2026-09-16 16:37:14.498287+00:00,2026-09-16 16:37:14.498287+00:00,closed,False,sample-org__ui-kit,1.6245680041666666,True
1207,1207,bromero,2025-04-29 16:27:38+00:00,2025-04-30 03:59:04.066373+00:00,2025-05-03 02:55:00.437459+00:00,2025-05-03 02:55:00.437459+00:00,closed,True,sample-org__ui-kit,11.523907325833333,True
1208,1208,kyle35,2026-02-02 17:58:47+00:00,,2026-02-04 19:30:45.170620+00:00,2026-02-04 19:30:45.170620+00:00,closed,True,sample-org__ui-kit,,True
1209,1209,kyle35,2026-02-27 17:58:47+00:00,2026-02-28 23:24:15.467385+00:00,2026-03-01 07:37:35.650603+00:00,2026-03-01 07:37:35.650603+00:00,closed,False,sample-org__ui-kit,29.42457427361111,True
1210,1210,kyle35,2026-03-30 17:58:47+00:00,2026-04-01 01:52:32.989487+00:00,,,open,False,sample-org__ui-kit,31.89610819083333,False
1211,1211,ilee,2025-09-13 17:51:43+00:00,2025-09-14 00:56:50.707789+00:00,2025-09-14 12:24:39.527558+00:00,2025-09-14 12:24:39.527558+00:00,closed,True,sample-org__ui-kit,7.085474385833334,True
1212,1212,ilee,2025-11-20 17:51:43+00:00,2025-11-22 07:20:11.629456+00:00,,,open,False,sample-org__ui-kit,37.47461929333333,False
1213,1213,ilee,2026-01-01 17:51:43+00:00,2026-01-02 03:01:09.003835+00:00,2026-01-02 06:07:46.335122+00:00,2026-01-02 06:07:46.335122+00:00,closed,False,sample-org__ui-kit,9.1572232875,True
1214,1214,ilee,2026-01-17 17:51:43+00:00,2026-01-18 14:35:21.024664+00:00,2026-01-20 02:57:24.307318+00:00,2026-01-20 02:57:24.307318+00:00,closed,False,sample-org__ui-kit,20.727229073333334,True
1215,1215,ilee,2026-01-30 17:51:43+00:00,2026-02-01 04:22:03.719141+00:00,2026-02-01 16:12:43.207181+00:00,2026-02-01 16:12:43.207181+00:00,closed,False,sample-org__ui-kit,34.505755316944445,True
1216,1216,ilee,2026-04-29 17:51:43+00:00,2026-04-30 11:17:24.433831+00:00,2026-05-02 18:15:44.254865+00:00,2026-05-02 18:15:44.254865+00:00,closed,False,sample-org__ui-kit,17.428176064166667,True
1217,1217,chrisrichard,2025-12-24 22:33:11+00:00,2025-12-26 15:30:26.273670+00:00,2025-12-29 05:32:38.516616+00:00,2025-12-29 05:32:38.516616+00:00,closed,True,sample-org__ui-kit,40.95424268611111,True
1218,1218,chrisrichard,2026-03-13 22:33:11+00:00,2026-03-15 15:38:56.923810+00:00,,,open,False,sample-org__ui-kit,41.096089947222225,False
1219,1219,romeroamber,2024-07-04 01:38:29+00:00,2024-07-04 15:28:01.552558+00:00,,,open,True,sample-org__ui-kit,13.82570904388889,False
1220,1220,romeroamber,2024-09-23 01:38:29+00:00,2024-09-24 06:20:48.265604+00:00,2024-09-26 14:40:58.424815+00:00,2024-09-26 14:40:58.424815+00:00,closed,False,sample-org__ui-kit,28.705351556666667,True
1221,1221,romeroamber,2024-10-24 01:38:29+00:00,2024-10-24 13:35:27.469797+00:00,2024-10-26 01:12:00.949061+00:00,2024-10-26 01:12:00.949061+00:00,closed,False,sample-org__ui-kit,11.949574943611111,True
1222,1222,stanleynancy,2026-02-01 01:10:04+00:00,2026-02-02 07:53:12.359819+00:00,2026-02-03 18:40:35.225534+00:00,2026-02-03 18:40:35.225534+00:00,closed,True,sample-org__ui-kit,30.71898883861111,True
1223,1223,stanleynancy,2026-03-03 01:10:04+00:00,2026-03-03 06:13:57.052601+00:00,2026-03-06 04:09:51.618455+00:00,2026-03-06 04:09:51.618455+00:00,closed,False,sample-org__ui-kit,5.064736833611111,True
1224,1224,stanleynancy,2026-05-30 01:10:04+00:00,2026-05-30 20:32:24.276306+00:00,2026-06-02 03:57:34.204451+00:00,2026-06-02 03:57:34.204451+00:00,closed,False,sample-org__ui-kit,19.37229897388889,True
1225,1225,stanleynancy,2026-07-15 01:10:04+00:00,2026-07-15 19:37:54.442734+00:00,,,open,False,sample-org__ui-kit,18.464011870555556,False
1226,1226,carlamoore,2024-12-30 11:20:43+00:00,2024-12-31 22:44:34.626433+00:00,2025-01-01 04:23:36.486773+00:00,2025-01-01 04:23:36.486773+00:00,closed,True,sample-org__ui-kit,35.397674009166664,True
1227,1227,carlamoore,2025-02-17 11:20:43+00:00,2025-02-18 14:13:44.794381+00:00,2025-02-18 17:52:58.514484+00:00,2025-02-18 17:52:58.514484+00:00,closed,False,sample-org__ui-kit,26.8838317725,True
1228,1228,carlamoore,2025-04-22 11:20:43+00:00,2025-04-23 13:22:25.207508+00:00,2025-04-26 06:22:25.563944+00:00,2025-04-26 06:22:25.563944+00:00,closed,False,sample-org__ui-kit,26.028390974444445,True
1229,1229,mariewise,2026-01-28 15:19:44+00:00,2026-01-31 03:38:57.721180+00:00,2026-02-02 10:57:27.158155+00:00,2026-02-02 10:57:27.158155+00:00,closed,True,sample-org__ui-kit,60.32047810555555,True
1230,1230,jenniferwilliams,2025-02-15 21:41:55+00:00,2025-02-18 01:44:39.231946+00:00,2025-02-19 07:17:17.423165+00:00,2025-02-19 07:17:17.423165+00:00,closed,True,sample-org__ui-kit,52.045619985,True
1231,1231,erica37,2024-05-22 20:26:11+00:00,2024-05-23 19:49:01.138139+00:00,2024-05-25 10:31:21.008886+00:00,2024-05-25 10:31:21.008886+00:00,closed,True,sample-org__ui-kit,23.3805939275,True
1232,1232,erica37,2024-07-25 20:26:11+00:00,2024-07-25 21:07:54.247250+00:00,2024-07-28 06:37:22.834383+00:00,2024-07-28 06:37:22.834383+00:00,closed,False,sample-org__ui-kit,0.6953464583333333,True
1233,1233,karen73,2025-04-10 21:25:07+00:00,2025-04-10 22:59:33.219644+00:00,2025-04-12 20:21:53.986343+00:00,2025-04-12 20:21:53.986343+00:00,closed,True,sample-org__ui-kit,1.573949901111111,True
1234,1234,kylestokes,2026-04-30 14:36:33+00:00,2026-05-02 09:21:21.100502+00:00,,,open,True,sample-org__ui-kit,42.74669458388888,False
1235,1235,mmckee,2026-02-14 11:39:37+00:00,2026-02-16 08:24:56.446578+00:00,2026-02-17 23:14:19.508611+00:00,2026-02-17 23:14:19.508611+00:00,closed,True,sample-org__ui-kit,44.75540182722222,True
1236,1236,mmckee,2026-05-13 11:39:37+00:00,2026-05-15 21:00:15.903197+00:00,2026-05-18 14:23:23.140702+00:00,2026-05-18 14:23:23.140702+00:00,closed,False,sample-org__ui-kit,57.344139776944445,True
1237,1237,mmckee,2026-08-03 11:39:37+00:00,2026-08-04 06:53:18.709009+00:00,2026-08-05 16:43:30.305803+00:00,2026-08-05 16:43:30.305803+00:00,closed,False,sample-org__ui-kit,19.2282525025,True
1238,1238,erika97,2025-01-01 19:33:29+00:00,2025-01-02 16:52:01.609211+00:00,2025-01-03 11:18:13.546681+00:00,2025-01-03 11:18:13.546681+00:00,closed,True,sample-org__ui-kit,21.309058114166668,True
1239,1239,erika97,2025-02-19 19:33:29+00:00,2025-02-19 20:49:37.336468+00:00,2025-02-21 19:45:30.612756+00:00,2025-02-21 19:45:30.612756+00:00,closed,False,sample-org__ui-kit,1.2689823522222223,True
1240,1240,xhammond,2026-01-24 17:30:04+00:00,2026-01-26 06:39:09.031249+00:00,2026-01-27 05:56:23.091535+00:00,2026-01-27 05:56:23.091535+00:00,closed,True,sample-org__ui-kit,37.15139756916666,True
1241,1241,xhammond,2026-03-13 17:30:04+00:00,2026-03-15 11:08:34.581825+00:00,2026-03-16 13:56:48.374905+00:00,2026-03-16 13:56:48.374905+00:00,closed,False,sample-org__ui-kit,41.64182828472222,True
1242,1242,ashaw,2024-07-08 22:48:38+00:00,,2024-07-11 04:39:15.612001+00:00,2024-07-11 04:39:15.612001+00:00,closed,True,sample-org__ui-kit,,True
1243,1243,ashaw,2024-08-17 22:48:38+00:00,2024-08-19 04:28:40.667866+00:00,,,open,False,sample-org__ui-kit,29.667407740555557,False
1244,1244,lisasolis,2025-11-13 16:49:51+00:00,2025-11-14 15:55:06.333538+00:00,,,open,True,sample-org__ui-kit,23.087592649444446,False
1245,1245,lisasolis,2026-01-30 16:49:51+00:00,,2026-02-01 00:25:09.504508+00:00,2026-02-01 00:25:09.504508+00:00,closed,False,sample-org__ui-kit,,True
1246,1246,lisasolis,2026-03-12 16:49:51+00:00,2026-03-14 14:43:49.602728+00:00,2026-03-17 06:10:12.815778+00:00,2026-03-17 06:10:12.815778+00:00,closed,False,sample-org__ui-kit,45.89961186888889,True
1247,1247,lisasolis,2026-04-09 16:49:51+00:00,2026-04-09 21:19:27.804454+00:00,2026-04-09 23:49:14.372644+00:00,2026-04-09 23:49:14.372644+00:00,closed,False,sample-org__ui-kit,4.4935567927777775,True
1248,1248,lisasolis,2026-07-05 16:49:51+00:00,2026-07-07 06:52:18.936029+00:00,,,open,False,sample-org__ui-kit,38.04109334138889,False
1249,1249,moniquewilliams,2025-01-07 07:45:45+00:00,2025-01-08 13:18:02.726097+00:00,2025-01-10 14:57:12.201442+00:00,2025-01-10 14:57:12.201442+00:00,closed,True,sample-org__ui-kit,29.53825724916667,True
1250,1250,moniquewilliams,2025-03-26 07:45:45+00:00,2025-03-27 18:32:33.984516+00:00,2025-03-30 08:26:08.593283+00:00,2025-03-30 08:26:08.593283+00:00,closed,False,sample-org__ui-kit,34.780273476666665,True
1251,1251,moniquewilliams,2025-05-24 07:45:45+00:00,2025-05-26 17:53:11.064058+00:00,2025-05-29 12:03:33.126885+00:00,2025-05-29 12:03:33.126885+00:00,closed,False,sample-org__ui-kit,58.12390668277777,True
1252,1252,moniquewilliams,2025-07-11 07:45:45+00:00,2025-07-12 05:38:53.806055+00:00,,,open,False,sample-org__ui-kit,21.88577945972222,False
